scenario_id,ph,metal_level,pb_mg_L,cu_mg_L,zn_mg_L,cd_mg_L,doc_mg_L,ca_mg_L,mg_mg_L,na_mg_L,cl_mg_L,chelator,dose_mg_L,texture,hfo_sites,moisture,pe,ca_mg_level,ionic_level,pb_percent_free,cu_percent_free,zn_percent_free,cd_percent_free,pb_sorbed_mol,cu_sorbed_mol,zn_sorbed_mol,cd_sorbed_mol
baseline_00001,5.5,Low,25,20,30,2,10,20,10,100,150,None,0,Sand,0.1,Dry,12,Low,Low,85.36637923889656,97.67021274567679,99.0507041535262,77.90083661901375,0.002562,0.01525,5.796e-05,2.174e-07
baseline_00002,5.5,Low,25,20,30,2,10,100,50,100,150,None,0,Sand,0.1,Dry,12,High,Low,86.6095789365504,97.92439677364213,99.15967082476219,79.75561844327599,0.002468,0.01452,5.51e-05,2.114e-07
baseline_00003,5.5,Low,25,20,30,2,10,20,10,500,700,None,0,Sand,0.1,Dry,12,Low,Medium,67.72123153019649,96.87588765828515,97.19827074251415,46.96532401071276,0.001889,0.01407,5.288e-05,1.219e-07
baseline_00004,5.5,Low,25,20,30,2,10,100,50,500,700,None,0,Sand,0.1,Dry,12,High,Medium,68.95614322986596,97.06652567925916,97.37261741649176,48.40980561324427,0.001865,0.01367,5.138e-05,1.219e-07
baseline_00005,5.5,Low,25,20,30,2,10,20,10,2000,3000,None,0,Sand,0.1,Dry,12,Low,High,38.282262689753715,94.30227437513624,91.98966385743323,19.284110421344604,0.0009419,0.01208,4.415e-05,4.414e-08
baseline_00006,5.5,Low,25,20,30,2,10,100,50,2000,3000,None,0,Sand,0.1,Dry,12,High,High,38.70495058695601,94.4293663891189,92.18580386565803,19.559517419492632,0.0009405,0.01194,4.369e-05,4.422e-08
baseline_00007,5.5,Low,25,20,30,2,10,20,10,100,150,None,0,Sand,0.1,Mesic,8,Low,Low,85.36637923889656,97.67021274567679,99.0507041535262,77.90083661901375,0.002562,0.01525,5.796e-05,2.174e-07
baseline_00008,5.5,Low,25,20,30,2,10,100,50,100,150,None,0,Sand,0.1,Mesic,8,High,Low,86.6095789365504,97.92439677364213,99.15967082476219,79.75561844327599,0.002468,0.01452,5.51e-05,2.114e-07
baseline_00009,5.5,Low,25,20,30,2,10,20,10,500,700,None,0,Sand,0.1,Mesic,8,Low,Medium,67.72123153019649,96.84411465478948,97.19827074251415,46.96532401071276,0.00189,0.01407,5.289e-05,1.219e-07
baseline_00010,5.5,Low,25,20,30,2,10,100,50,500,700,None,0,Sand,0.1,Mesic,8,High,Medium,68.95614322986596,97.03475267576349,97.37261741649176,48.41542616422687,0.001866,0.01367,5.139e-05,1.219e-07
baseline_00011,5.5,Low,25,20,30,2,10,20,10,2000,3000,None,0,Sand,0.1,Mesic,8,Low,High,38.282262689753715,94.01631734367523,91.98966385743323,19.284110421344604,0.0009432,0.01206,4.421e-05,4.42e-08
baseline_00012,5.5,Low,25,20,30,2,10,100,50,2000,3000,None,0,Sand,0.1,Mesic,8,High,High,38.70495058695601,94.17518236115356,92.18580386565803,19.559517419492632,0.0009417,0.01192,4.374e-05,4.427e-08
baseline_00013,5.5,Low,25,20,30,2,10,20,10,100,150,None,0,Sand,0.1,Wet,3,Low,Low,85.78077913811451,23.861525625245047,99.0942908220206,78.96874130571018,0.004417,0.006394,9.949e-05,3.783e-07
baseline_00014,5.5,Low,25,20,30,2,10,100,50,100,150,None,0,Sand,0.1,Wet,3,High,Low,87.02397883576835,26.55905362202708,99.20325749325659,80.82352312997241,0.004051,0.006433,9.004e-05,3.498e-07
baseline_00015,5.5,Low,25,20,30,2,10,20,10,500,700,None,0,Sand,0.1,Wet,3,Low,Medium,68.13563142941443,3.3679383705405797,97.24185741100855,47.52737910897405,0.004046,0.001041,0.0001126,2.626e-07
baseline_00016,5.5,Low,25,20,30,2,10,100,50,500,700,None,0,Sand,0.1,Wet,3,High,Medium,69.38711912505264,3.641186200603306,97.43799741923335,49.005584017401226,0.00389,0.001063,0.0001065,2.556e-07
baseline_00017,5.5,Low,25,20,30,2,10,20,10,2000,3000,None,0,Sand,0.1,Wet,3,Low,High,38.43144665347217,0.3278973960752715,92.03325052592763,19.38528033903163,0.001913,8.494e-05,8.937e-05,8.978e-08
baseline_00018,5.5,Low,25,20,30,2,10,100,50,2000,3000,None,0,Sand,0.1,Wet,3,High,High,38.862422548658834,0.33679383705405797,92.22939053415243,19.666307888162272,0.001893,8.539e-05,8.764e-05,8.915e-08
baseline_00019,5.5,Low,25,20,30,2,25,20,10,100,150,None,0,Loam,0.5,Dry,12,Low,Low,79.30785271233022,96.1768815813805,98.68021747132379,77.90083661901375,0.01204,0.07598,0.0002922,1.1e-06
baseline_00020,5.5,Low,25,20,30,2,25,100,50,100,150,None,0,Loam,0.5,Dry,12,High,Low,80.89086032734276,96.5581576233285,98.83277081105419,79.75561844327599,0.01164,0.07229,0.0002773,1.068e-06
baseline_00021,5.5,Low,25,20,30,2,25,20,10,500,700,None,0,Loam,0.5,Dry,12,Low,Medium,64.38116834249986,95.6367405219542,96.89316406305335,46.970944561695376,0.009037,0.06987,0.0002653,6.134e-07
baseline_00022,5.5,Low,25,20,30,2,25,100,50,500,700,None,0,Loam,0.5,Dry,12,High,Medium,65.6409440361224,95.92269755341519,97.08930407127815,48.41542616422687,0.008926,0.06787,0.0002575,6.126e-07
baseline_00023,5.5,Low,25,20,30,2,25,20,10,2000,3000,None,0,Loam,0.5,Dry,12,Low,High,37.395446905427306,93.41263027725758,91.79352384920843,19.284110421344604,0.004595,0.05975,0.00022,2.205e-07
baseline_00024,5.5,Low,25,20,30,2,25,100,50,2000,3000,None,0,Loam,0.5,Dry,12,High,High,37.809846804645254,93.57149529473591,91.96787052318604,19.559517419492632,0.004587,0.05908,0.0002176,2.208e-07
baseline_00025,5.5,Low,25,20,30,2,25,20,10,100,150,None,0,Loam,0.5,Mesic,8,Low,Low,79.30785271233022,96.14510857788484,98.68021747132379,77.90083661901375,0.01204,0.07598,0.0002922,1.1e-06
baseline_00026,5.5,Low,25,20,30,2,25,100,50,100,150,None,0,Loam,0.5,Mesic,8,High,Low,80.89086032734276,96.5581576233285,98.83277081105419,79.75561844327599,0.01164,0.07229,0.0002773,1.068e-06
baseline_00027,5.5,Low,25,20,30,2,25,20,10,500,700,None,0,Loam,0.5,Mesic,8,Low,Medium,64.38116834249986,95.6367405219542,96.89316406305335,46.970944561695376,0.009038,0.06986,0.0002653,6.135e-07
baseline_00028,5.5,Low,25,20,30,2,25,100,50,500,700,None,0,Loam,0.5,Mesic,8,High,Medium,65.6409440361224,95.89092454991952,97.08930407127815,48.41542616422687,0.008927,0.06787,0.0002575,6.126e-07
baseline_00029,5.5,Low,25,20,30,2,25,20,10,2000,3000,None,0,Loam,0.5,Mesic,8,Low,High,37.395446905427306,93.15844624929225,91.79352384920843,19.284110421344604,0.004601,0.05966,0.0002203,2.208e-07
baseline_00030,5.5,Low,25,20,30,2,25,100,50,2000,3000,None,0,Loam,0.5,Mesic,8,High,High,37.809846804645254,93.31731126677057,91.96787052318604,19.559517419492632,0.004593,0.05899,0.0002179,2.211e-07
baseline_00031,5.5,Low,25,20,30,2,25,20,10,100,150,None,0,Loam,0.5,Wet,3,Low,Low,79.61450863775148,23.78844771720502,98.72380413981818,78.96874130571018,0.02072,0.03222,0.0005011,1.912e-06
baseline_00032,5.5,Low,25,20,30,2,25,100,50,100,150,None,0,Loam,0.5,Wet,3,High,Low,81.20580425074839,26.46373461154008,98.87635747954859,80.7673176201463,0.01906,0.03234,0.0004527,1.765e-06
baseline_00033,5.5,Low,25,20,30,2,25,20,10,500,700,None,0,Loam,0.5,Wet,3,Low,Medium,64.73755225582728,3.3679383705405797,96.95854406579495,47.53862021093927,0.01932,0.005232,0.0005644,1.32e-06
baseline_00034,5.5,Low,25,20,30,2,25,100,50,500,700,None,0,Loam,0.5,Wet,3,High,Medium,66.01390394541855,3.641186200603306,97.15468407401974,49.01120456838383,0.01859,0.005337,0.0005336,1.284e-06
baseline_00035,5.5,Low,25,20,30,2,25,20,10,2000,3000,None,0,Loam,0.5,Wet,3,Low,High,37.536342871161416,0.3278973960752715,91.83711051770283,19.38528033903163,0.0093,0.0004228,0.0004438,4.469e-07
baseline_00036,5.5,Low,25,20,30,2,25,100,50,2000,3000,None,0,Loam,0.5,Wet,3,High,High,37.95074277037936,0.33679383705405797,92.01145719168044,19.666307888162272,0.009201,0.0004249,0.0004351,4.436e-07
baseline_00037,5.5,Low,25,20,30,2,40,20,10,100,150,None,0,Clay,1.5,Dry,12,Low,Low,74.05326199024668,94.6835504170842,98.33152412336858,77.90083661901375,0.03415,0.2273,0.0008844,3.342e-06
baseline_00038,5.5,Low,25,20,30,2,40,100,50,100,150,None,0,Clay,1.5,Dry,12,High,Low,75.86004555083692,95.22369147651054,98.50587079734618,79.75561844327599,0.03311,0.2163,0.0008385,3.238e-06
baseline_00039,5.5,Low,25,20,30,2,40,20,10,500,700,None,0,Clay,1.5,Dry,12,Low,Medium,61.36433707619322,94.46113939261456,96.60985071783973,46.98218566366061,0.02605,0.2087,0.0008,1.856e-06
baseline_00040,5.5,Low,25,20,30,2,40,100,50,500,700,None,0,Clay,1.5,Dry,12,High,Medium,62.64068876578449,94.77886942757121,96.82778406031174,48.421046715209485,0.02575,0.2028,0.0007764,1.852e-06
baseline_00041,5.5,Low,25,20,30,2,40,20,10,2000,3000,None,0,Clay,1.5,Dry,12,Low,High,36.5500711110227,92.55475918287459,91.57559050673643,19.284110421344604,0.01352,0.1783,0.000661,6.64e-07
baseline_00042,5.5,Low,25,20,30,2,40,100,50,2000,3000,None,0,Clay,1.5,Dry,12,High,High,36.94789501427193,92.71362420035292,91.77173051496122,19.559517419492632,0.0135,0.1763,0.0006538,6.649e-07
baseline_00043,5.5,Low,25,20,30,2,40,20,10,100,150,None,0,Clay,1.5,Mesic,8,Low,Low,74.05326199024668,94.6835504170842,98.33152412336858,77.90083661901375,0.03415,0.2273,0.0008844,3.342e-06
baseline_00044,5.5,Low,25,20,30,2,40,100,50,100,150,None,0,Clay,1.5,Mesic,8,High,Low,75.86004555083692,95.22369147651054,98.50587079734618,79.75561844327599,0.03311,0.2163,0.0008385,3.238e-06
baseline_00045,5.5,Low,25,20,30,2,40,20,10,500,700,None,0,Clay,1.5,Mesic,8,Low,Medium,61.36433707619322,94.4293663891189,96.60985071783973,46.98218566366061,0.02606,0.2087,0.0008001,1.856e-06
baseline_00046,5.5,Low,25,20,30,2,40,100,50,500,700,None,0,Clay,1.5,Mesic,8,High,Medium,62.64068876578449,94.74709642407554,96.82778406031174,48.421046715209485,0.02576,0.2028,0.0007765,1.853e-06
baseline_00047,5.5,Low,25,20,30,2,40,20,10,2000,3000,None,0,Clay,1.5,Mesic,8,Low,High,36.5500711110227,92.30057515490928,91.57559050673643,19.284110421344604,0.01354,0.178,0.0006618,6.649e-07
baseline_00048,5.5,Low,25,20,30,2,40,100,50,2000,3000,None,0,Clay,1.5,Mesic,8,High,High,36.94789501427193,92.4594401723876,91.77173051496122,19.559517419492632,0.01352,0.176,0.0006546,6.657e-07
baseline_00049,5.5,Low,25,20,30,2,40,20,10,100,150,None,0,Clay,1.5,Wet,3,Low,Low,74.26046193985565,23.715369809164986,98.37511079186298,78.96874130571018,0.05861,0.09742,0.001514,5.799e-06
baseline_00050,5.5,Low,25,20,30,2,40,100,50,100,150,None,0,Clay,1.5,Wet,3,High,Low,76.10868549036768,26.37159290140265,98.54945746584058,80.7673176201463,0.05412,0.09761,0.001367,5.345e-06
baseline_00051,5.5,Low,25,20,30,2,40,20,10,500,700,None,0,Clay,1.5,Wet,3,Low,Medium,61.662705003630144,3.3679383705405797,96.65343738633413,47.549861312904504,0.05563,0.01582,0.001701,3.991e-06
baseline_00052,5.5,Low,25,20,30,2,40,100,50,500,700,None,0,Clay,1.5,Wet,3,High,Medium,62.955632689190125,3.641186200603306,96.87137072880616,49.022445670349065,0.05356,0.01612,0.001607,3.88e-06
baseline_00053,5.5,Low,25,20,30,2,40,20,10,2000,3000,None,0,Clay,1.5,Wet,3,Low,High,36.682679078772445,0.3278973960752715,91.61917717523082,19.390900890014244,0.02728,0.00127,0.001329,1.342e-06
baseline_00054,5.5,Low,25,20,30,2,40,100,50,2000,3000,None,0,Clay,1.5,Wet,3,High,High,37.08879098000603,0.33679383705405797,91.79352384920843,19.666307888162272,0.02699,0.001276,0.001303,1.332e-06
baseline_00055,5.5,Medium,100,80,120,8,10,20,10,100,150,None,0,Sand,0.1,Dry,12,Low,Low,86.56815688354635,97.6225067140296,99.1596492145684,79.55888797976488,0.003948,0.02317,8.821e-05,3.376e-07
baseline_00056,5.5,Medium,100,80,120,8,10,100,50,100,150,None,0,Sand,0.1,Dry,12,High,Low,87.45911685147179,97.78137165579369,99.26861586205695,80.89376865056632,0.003887,0.02262,8.602e-05,3.345e-07
baseline_00057,5.5,Medium,100,80,120,8,10,20,10,500,700,None,0,Sand,0.1,Dry,12,Low,Medium,68.85255752130793,96.82818200520919,97.36169953100755,48.25242340560096,0.003082,0.02255,8.5e-05,2.01e-07
baseline_00058,5.5,Medium,100,80,120,8,10,100,50,500,700,None,0,Sand,0.1,Dry,12,High,Medium,69.88855748401194,96.98704694697327,97.52514950224035,49.50299582350966,0.003073,0.02219,8.363e-05,2.025e-07
baseline_00059,5.5,Medium,100,80,120,8,10,20,10,2000,3000,None,0,Sand,0.1,Dry,12,Low,High,38.72567860587557,94.20691046610179,92.18578377530206,19.559514671111398,0.00167,0.02114,7.754e-05,7.85e-08
baseline_00060,5.5,Medium,100,80,120,8,10,100,50,2000,3000,None,0,Sand,0.1,Dry,12,High,High,39.098638592449014,94.28634293698383,92.34923374653485,19.826490805271682,0.001673,0.021,7.707e-05,7.891e-08
baseline_00061,5.5,Medium,100,80,120,8,10,20,10,100,150,None,0,Sand,0.1,Mesic,8,Low,Low,86.56815688354635,97.6225067140296,99.1596492145684,79.55888797976488,0.003949,0.02317,8.821e-05,3.376e-07
baseline_00062,5.5,Medium,100,80,120,8,10,100,50,100,150,None,0,Sand,0.1,Mesic,8,High,Low,87.45911685147179,97.78137165579369,99.26861586205695,80.89376865056632,0.003887,0.02262,8.603e-05,3.345e-07
baseline_00063,5.5,Medium,100,80,120,8,10,20,10,500,700,None,0,Sand,0.1,Mesic,8,Low,Medium,68.85255752130793,96.74874953432713,97.36169953100755,48.25242340560096,0.003083,0.02255,8.502e-05,2.01e-07
baseline_00064,5.5,Medium,100,80,120,8,10,100,50,500,700,None,0,Sand,0.1,Mesic,8,High,Medium,69.88855748401194,96.90761447609123,97.52514950224035,49.50299582350966,0.003073,0.02219,8.364e-05,2.025e-07
baseline_00065,5.5,Medium,100,80,120,8,10,20,10,2000,3000,None,0,Sand,0.1,Mesic,8,Low,High,38.72567860587557,93.88918058257364,92.18578377530206,19.559514671111398,0.001673,0.02112,7.767e-05,7.864e-08
baseline_00066,5.5,Medium,100,80,120,8,10,100,50,2000,3000,None,0,Sand,0.1,Mesic,8,High,High,39.098638592449014,94.04804552433771,92.34923374653485,19.826490805271682,0.001676,0.02098,7.72e-05,7.905e-08
baseline_00067,5.5,Medium,100,80,120,8,10,20,10,100,150,None,0,Sand,0.1,Wet,3,Low,Low,88.05999682984012,30.676820254644614,99.32309918580121,83.32465660897311,0.007473,0.01355,0.0001644,6.58e-07
baseline_00068,5.5,Medium,100,80,120,8,10,100,50,100,150,None,0,Sand,0.1,Wet,3,High,Low,88.84735680149515,32.90887268642999,99.37758250954548,84.4206638965785,0.007054,0.0136,0.0001539,6.236e-07
baseline_00069,5.5,Medium,100,80,120,8,10,20,10,500,700,None,0,Sand,0.1,Wet,3,Low,Medium,70.59303745865066,4.095538198678085,97.57963282598463,50.66925998852564,0.009738,0.002941,0.0002626,6.504e-07
baseline_00070,5.5,Medium,100,80,120,8,10,100,50,500,700,None,0,Sand,0.1,Wet,3,High,Medium,71.6704774198628,4.396587263321024,97.74308279721743,52.01819203480918,0.009453,0.003018,0.0002514,6.383e-07
baseline_00071,5.5,Medium,100,80,120,8,10,20,10,2000,3000,None,0,Sand,0.1,Wet,3,Low,High,39.32655858424389,0.34902627705569245,92.34923374653485,19.995107311057122,0.005983,0.0002763,0.000274,2.829e-07
baseline_00072,5.5,Medium,100,80,120,8,10,100,50,2000,3000,None,0,Sand,0.1,Wet,3,High,High,39.74095856932549,0.35816101120712734,92.51268371776767,20.262083445217407,0.005934,0.0002783,0.0002694,2.815e-07
baseline_00073,5.5,Medium,100,80,120,8,25,20,10,100,150,None,0,Loam,0.5,Dry,12,Low,Low,80.87015708867435,96.27215470903488,98.8327492721028,79.54483660428276,0.0187,0.1158,0.0004457,1.711e-06
baseline_00074,5.5,Medium,100,80,120,8,25,100,50,100,150,None,0,Loam,0.5,Dry,12,High,Low,81.98903704839468,96.51045212168101,98.94171591959132,80.87971727508419,0.01844,0.113,0.000434,1.692e-06
baseline_00075,5.5,Medium,100,80,120,8,25,20,10,500,700,None,0,Loam,0.5,Dry,12,Low,Medium,65.57879763916328,95.63669494197855,97.0892829122862,48.25242340560096,0.0148,0.1123,0.0004274,1.013e-06
baseline_00076,5.5,Medium,100,80,120,8,25,100,50,500,700,None,0,Loam,0.5,Dry,12,High,Medium,66.63551760112138,95.87499235462468,97.25273288351902,49.48894444802754,0.01476,0.1105,0.0004201,1.02e-06
baseline_00077,5.5,Medium,100,80,120,8,25,20,10,2000,3000,None,0,Loam,0.5,Dry,12,Low,High,37.834718637950125,93.33315328639934,91.96785048032498,19.559514671111398,0.008164,0.1049,0.0003872,3.929e-07
baseline_00078,5.5,Medium,100,80,120,8,25,100,50,2000,3000,None,0,Loam,0.5,Dry,12,High,High,38.207678624523574,93.49201822816342,92.13130045155779,19.826490805271682,0.008179,0.1041,0.0003847,3.948e-07
baseline_00079,5.5,Medium,100,80,120,8,25,20,10,100,150,None,0,Loam,0.5,Mesic,8,Low,Low,80.87015708867435,96.27215470903488,98.8327492721028,79.54483660428276,0.0187,0.1158,0.0004457,1.711e-06
baseline_00080,5.5,Medium,100,80,120,8,25,100,50,100,150,None,0,Loam,0.5,Mesic,8,High,Low,81.98903704839468,96.51045212168101,98.94171591959132,80.87971727508419,0.01844,0.113,0.000434,1.692e-06
baseline_00081,5.5,Medium,100,80,120,8,25,20,10,500,700,None,0,Loam,0.5,Mesic,8,Low,Medium,65.57879763916328,95.63669494197855,97.0892829122862,48.25242340560096,0.0148,0.1123,0.0004274,1.013e-06
baseline_00082,5.5,Medium,100,80,120,8,25,100,50,500,700,None,0,Loam,0.5,Mesic,8,High,Medium,66.63551760112138,95.87499235462468,97.25273288351902,49.48894444802754,0.01476,0.1105,0.0004202,1.02e-06
baseline_00083,5.5,Medium,100,80,120,8,25,20,10,2000,3000,None,0,Loam,0.5,Mesic,8,Low,High,37.834718637950125,93.09485587375322,91.96785048032498,19.559514671111398,0.008179,0.1047,0.0003878,3.936e-07
baseline_00084,5.5,Medium,100,80,120,8,25,100,50,2000,3000,None,0,Loam,0.5,Mesic,8,High,High,38.207678624523574,93.25372081551728,92.13130045155779,19.826490805271682,0.008193,0.104,0.0003853,3.955e-07
baseline_00085,5.5,Medium,100,80,120,8,25,20,10,100,150,None,0,Loam,0.5,Wet,3,Low,Low,81.98903704839468,30.502068818704124,98.94171591959132,83.28250248252675,0.03537,0.06847,0.0008326,3.343e-06
baseline_00086,5.5,Medium,100,80,120,8,25,100,50,100,150,None,0,Loam,0.5,Wet,3,High,Low,83.10791700811498,32.726178003401294,99.05068256707986,84.39256114561425,0.03345,0.06857,0.0007777,3.161e-06
baseline_00087,5.5,Medium,100,80,120,8,25,20,10,500,700,None,0,Loam,0.5,Wet,3,Low,Medium,67.04991758620297,4.093155224551624,97.30721620726328,50.66925998852564,0.04696,0.01492,0.001329,3.301e-06
baseline_00088,5.5,Medium,100,80,120,8,25,100,50,500,700,None,0,Loam,0.5,Wet,3,High,Medium,68.16879754592328,4.392615639776922,97.47066617849609,52.00414065932707,0.04559,0.01529,0.001271,3.236e-06
baseline_00089,5.5,Medium,100,80,120,8,25,20,10,2000,3000,None,0,Loam,0.5,Wet,3,Low,High,38.414878617064375,0.34902627705569245,92.13130045155779,19.995107311057122,0.0292,0.001381,0.001366,1.414e-06
baseline_00090,5.5,Medium,100,80,120,8,25,100,50,2000,3000,None,0,Loam,0.5,Wet,3,High,High,38.80855860289189,0.35816101120712734,92.2947504227906,20.262083445217407,0.02895,0.001391,0.001343,1.407e-06
baseline_00091,5.5,Medium,100,80,120,8,40,20,10,100,150,None,0,Clay,1.5,Dry,12,Low,Low,75.87663726844106,94.92180270404018,98.50584932963719,79.51673385331853,0.05341,0.3479,0.001353,5.209e-06
baseline_00092,5.5,Medium,100,80,120,8,40,100,50,100,150,None,0,Clay,1.5,Dry,12,High,Low,77.16127722219403,95.31896505845037,98.61481597712573,80.86566589960208,0.05278,0.3394,0.001316,5.146e-06
baseline_00093,5.5,Medium,100,80,120,8,40,20,10,500,700,None,0,Clay,1.5,Dry,12,Low,Medium,62.59511774657577,94.52464034962998,96.81686629356486,48.23837203011884,0.04284,0.3367,0.001292,3.072e-06
baseline_00094,5.5,Medium,100,80,120,8,40,100,50,500,700,None,0,Clay,1.5,Dry,12,High,Medium,63.672557707787924,94.7629377622761,96.98031626479766,49.48894444802754,0.04275,0.3312,0.00127,3.091e-06
baseline_00095,5.5,Medium,100,80,120,8,40,20,10,2000,3000,None,0,Clay,1.5,Dry,12,Low,High,36.96447866927877,92.53882857757891,91.74991718534791,19.559514671111398,0.02408,0.3135,0.001165,1.185e-06
baseline_00096,5.5,Medium,100,80,120,8,40,100,50,2000,3000,None,0,Clay,1.5,Dry,12,High,High,37.3374386558522,92.61826104846095,91.9133671565807,19.826490805271682,0.02412,0.3114,0.001158,1.191e-06
baseline_00097,5.5,Medium,100,80,120,8,40,20,10,100,150,None,0,Clay,1.5,Mesic,8,Low,Low,75.87663726844106,94.92180270404018,98.50584932963719,79.51673385331853,0.05341,0.3479,0.001353,5.209e-06
baseline_00098,5.5,Medium,100,80,120,8,40,100,50,100,150,None,0,Clay,1.5,Mesic,8,High,Low,77.16127722219403,95.31896505845037,98.61481597712573,80.86566589960208,0.05278,0.3394,0.001316,5.146e-06
baseline_00099,5.5,Medium,100,80,120,8,40,20,10,500,700,None,0,Clay,1.5,Mesic,8,Low,Medium,62.59511774657577,94.52464034962998,96.81686629356486,48.23837203011884,0.04284,0.3367,0.001292,3.072e-06
baseline_00100,5.5,Medium,100,80,120,8,40,100,50,500,700,None,0,Clay,1.5,Mesic,8,High,Medium,63.672557707787924,94.7629377622761,96.98031626479766,49.48894444802754,0.04275,0.3312,0.00127,3.091e-06
baseline_00101,5.5,Medium,100,80,120,8,40,20,10,2000,3000,None,0,Clay,1.5,Mesic,8,Low,High,36.96447866927877,92.22109869405074,91.74991718534791,19.559514671111398,0.02412,0.3132,0.001168,1.187e-06
baseline_00102,5.5,Medium,100,80,120,8,40,100,50,2000,3000,None,0,Clay,1.5,Mesic,8,High,High,37.35815865510629,92.37996363581482,91.9133671565807,19.826490805271682,0.02416,0.3111,0.00116,1.193e-06
baseline_00103,5.5,Medium,100,80,120,8,40,20,10,100,150,None,0,Clay,1.5,Wet,3,Low,Low,76.70543723860426,30.32731738276363,98.61481597712573,83.25439973156251,0.1009,0.2076,0.00253,1.019e-05
baseline_00104,5.5,Medium,100,80,120,8,40,100,50,100,150,None,0,Clay,1.5,Wet,3,High,Low,78.03151719086539,32.55142656746081,98.72378262461426,84.36445839465001,0.09564,0.2076,0.00236,9.62e-06
baseline_00105,5.5,Medium,100,80,120,8,40,20,10,500,700,None,0,Clay,1.5,Wet,3,Low,Medium,63.85903770107465,4.089977925716342,97.03479958854194,50.66925998852564,0.1364,0.04546,0.004041,1.007e-05
baseline_00106,5.5,Medium,100,80,120,8,40,100,50,500,700,None,0,Clay,1.5,Wet,3,High,Medium,64.99863766004904,4.38943834094164,97.19824955977474,52.00414065932707,0.1325,0.04655,0.003863,9.859e-06
baseline_00107,5.5,Medium,100,80,120,8,40,20,10,2000,3000,None,0,Clay,1.5,Wet,3,Low,High,37.523918649138935,0.34910570952657455,91.9133671565807,19.995107311057122,0.08599,0.004164,0.004109,4.264e-06
baseline_00108,5.5,Medium,100,80,120,8,40,100,50,2000,3000,None,0,Clay,1.5,Wet,3,High,High,37.917598634966446,0.35816101120712734,92.07681712781353,20.262083445217407,0.08525,0.004192,0.004039,4.24e-06
baseline_00109,5.5,High,300,250,400,25,10,20,10,100,150,None,0,Sand,0.1,Dry,12,Low,Low,88.61256074415212,97.27621513930046,99.39394375260599,82.46469620707363,0.004795,0.02853,0.0001165,4.324e-07
baseline_00110,5.5,High,300,250,400,25,10,100,50,100,150,None,0,Sand,0.1,Dry,12,High,Low,89.09602756037118,97.40330713713074,99.44297875199062,83.13916209753496,0.004764,0.02824,0.0001153,4.311e-07
baseline_00111,5.5,High,300,250,400,25,10,20,10,500,700,None,0,Sand,0.1,Dry,12,Low,Medium,71.41495542435953,96.48824475275268,97.77578877291386,51.25940767506212,0.003899,0.02856,0.0001157,2.712e-07
baseline_00112,5.5,High,300,250,400,25,10,100,50,500,700,None,0,Sand,0.1,Dry,12,High,Medium,72.1056223046725,96.5899183510169,97.87385877168308,52.113731136313156,0.003899,0.02833,0.0001147,2.732e-07
baseline_00113,5.5,High,300,250,400,25,10,20,10,2000,3000,None,0,Sand,0.1,Dry,12,Low,High,39.85838566286063,93.84473119788275,92.64345883732459,20.319409059965412,0.002212,0.02823,0.0001114,1.093e-07
baseline_00114,5.5,High,300,250,400,25,10,100,50,2000,3000,None,0,Sand,0.1,Dry,12,High,High,40.17609242780459,93.92098639658091,92.77421883568354,20.5307417056433,0.002219,0.02812,0.000111,1.099e-07
baseline_00115,5.5,High,300,250,400,25,10,20,10,100,150,None,0,Sand,0.1,Mesic,8,Low,Low,88.61256074415212,97.27621513930046,99.39394375260599,82.46469620707363,0.004795,0.02853,0.0001165,4.324e-07
baseline_00116,5.5,High,300,250,400,25,10,100,50,100,150,None,0,Sand,0.1,Mesic,8,High,Low,89.09602756037118,97.37788873756469,99.44297875199062,83.13916209753496,0.004764,0.02824,0.0001153,4.311e-07
baseline_00117,5.5,High,300,250,400,25,10,20,10,500,700,None,0,Sand,0.1,Mesic,8,Low,Medium,71.41495542435953,96.46282635318663,97.77578877291386,51.25940767506212,0.003899,0.02856,0.0001157,2.713e-07
baseline_00118,5.5,High,300,250,400,25,10,100,50,500,700,None,0,Sand,0.1,Mesic,8,High,Medium,72.1056223046725,96.5899183510169,97.87385877168308,52.113731136313156,0.003899,0.02833,0.0001147,2.732e-07
baseline_00119,5.5,High,300,250,400,25,10,20,10,2000,3000,None,0,Sand,0.1,Mesic,8,Low,High,39.86529233166376,93.59054720222217,92.64345883732459,20.323905499235156,0.002217,0.02821,0.0001116,1.095e-07
baseline_00120,5.5,High,300,250,400,25,10,100,50,2000,3000,None,0,Sand,0.1,Mesic,8,High,High,40.17609242780459,93.69222080048641,92.79056383547841,20.535238144913045,0.002223,0.0281,0.0001112,1.101e-07
baseline_00121,5.5,High,300,250,400,25,10,20,10,100,150,None,0,Sand,0.1,Wet,3,Low,Low,91.44429495343525,45.01598563148709,99.62277374973418,89.83885660945099,0.008099,0.02161,0.0001912,7.709e-07
baseline_00122,5.5,High,300,250,400,25,10,100,50,100,150,None,0,Sand,0.1,Wet,3,High,Low,91.78962839359171,46.236068810657834,99.65546374932393,90.15360735833293,0.007887,0.02154,0.0001856,7.509e-07
baseline_00123,5.5,High,300,250,400,25,10,20,10,500,700,None,0,Sand,0.1,Wet,3,Low,Medium,76.94029046686317,7.157821317801674,98.38055376532405,59.75767789487505,0.01426,0.007191,0.0003951,1.073e-06
baseline_00124,5.5,High,300,250,400,25,10,100,50,500,700,None,0,Sand,0.1,Wet,3,High,Medium,77.63095734717614,7.5340136313793185,98.46227876429839,60.70193014152093,0.01394,0.007335,0.0003832,1.056e-06
baseline_00125,5.5,High,300,250,400,25,10,20,10,2000,3000,None,0,Sand,0.1,Wet,3,Low,High,41.99254632302766,0.4194035928399419,93.16649883076043,21.834709093868568,0.01196,0.0006474,0.0005749,6.025e-07
baseline_00126,5.5,High,300,250,400,25,10,100,50,2000,3000,None,0,Sand,0.1,Wet,3,High,High,42.3516931007904,0.42931676867070406,93.31360382891425,22.091006132243876,0.01188,0.0006531,0.0005674,6.007e-07
baseline_00127,5.5,High,300,250,400,25,25,20,10,100,150,None,0,Loam,0.5,Dry,12,Low,Low,83.63975920589884,96.20864235752606,99.1160787560932,82.4197318143762,0.02288,0.1427,0.0005875,2.185e-06
baseline_00128,5.5,High,300,250,400,25,25,100,50,100,150,None,0,Loam,0.5,Dry,12,High,Low,84.1922927101492,96.3611527549224,99.18145875527267,83.13916209753496,0.02275,0.1412,0.0005807,2.176e-06
baseline_00129,5.5,High,300,250,400,25,25,20,10,500,700,None,0,Loam,0.5,Dry,12,Low,Medium,68.27932778773874,95.52234556924252,97.51426877619592,51.2144432823647,0.01878,0.1424,0.0005812,1.365e-06
baseline_00130,5.5,High,300,250,400,25,25,100,50,500,700,None,0,Loam,0.5,Dry,12,High,Medium,68.9769013368548,95.6494375670728,97.62868377476002,52.06876674361573,0.01878,0.1412,0.0005761,1.374e-06
baseline_00131,5.5,High,300,250,400,25,25,20,10,2000,3000,None,0,Loam,0.5,Dry,12,Low,High,38.96051871845379,93.05676081133498,92.44731883978613,20.314912620695672,0.01082,0.1401,0.0005564,5.467e-07
baseline_00132,5.5,High,300,250,400,25,25,100,50,2000,3000,None,0,Loam,0.5,Dry,12,High,High,39.27131881459462,93.13301601003316,92.5780788381451,20.521748827103817,0.01085,0.1395,0.0005543,5.496e-07
baseline_00133,5.5,High,300,250,400,25,25,20,10,100,150,None,0,Loam,0.5,Mesic,8,Low,Low,83.63975920589884,96.20864235752606,99.1160787560932,82.4197318143762,0.02288,0.1427,0.0005875,2.185e-06
baseline_00134,5.5,High,300,250,400,25,25,100,50,100,150,None,0,Loam,0.5,Mesic,8,High,Low,84.1922927101492,96.3611527549224,99.18145875527267,83.13916209753496,0.02275,0.1412,0.0005807,2.176e-06
baseline_00135,5.5,High,300,250,400,25,25,20,10,500,700,None,0,Loam,0.5,Mesic,8,Low,Medium,68.27932778773874,95.49692716967645,97.51426877619592,51.2144432823647,0.01878,0.1424,0.0005813,1.365e-06
baseline_00136,5.5,High,300,250,400,25,25,100,50,500,700,None,0,Loam,0.5,Mesic,8,High,Medium,68.9769013368548,95.6494375670728,97.62868377476002,52.06876674361573,0.01878,0.1412,0.0005761,1.374e-06
baseline_00137,5.5,High,300,250,400,25,25,20,10,2000,3000,None,0,Loam,0.5,Mesic,8,Low,High,38.967425387256924,92.82799521524045,92.44731883978613,20.314912620695672,0.01084,0.14,0.0005574,5.478e-07
baseline_00138,5.5,High,300,250,400,25,25,100,50,2000,3000,None,0,Loam,0.5,Mesic,8,High,High,39.27131881459462,92.90425041393863,92.5780788381451,20.526245266373557,0.01087,0.1394,0.0005554,5.507e-07
baseline_00139,5.5,High,300,250,400,25,25,20,10,100,150,None,0,Loam,0.5,Wet,3,Low,Low,85.9880265989629,44.68554643712835,99.34490875322139,89.79389221675356,0.0386,0.1088,0.0009668,3.908e-06
baseline_00140,5.5,High,300,250,400,25,25,100,50,100,150,None,0,Loam,0.5,Wet,3,High,Low,86.47149341518197,45.905629616299095,99.39394375260599,90.10864296563551,0.03763,0.1083,0.0009375,3.801e-06
baseline_00141,5.5,High,300,250,400,25,25,20,10,500,700,None,0,Loam,0.5,Wet,3,Low,Medium,73.14162262514193,7.134944758192223,98.11903376860612,59.71271350217763,0.06907,0.03653,0.002008,5.466e-06
baseline_00142,5.5,High,300,250,400,25,25,100,50,500,700,None,0,Loam,0.5,Wet,3,High,Medium,73.83228950545488,7.513678911726472,98.21710376737533,60.65696574882351,0.0675,0.03722,0.001945,5.372e-06
baseline_00143,5.5,High,300,250,400,25,25,20,10,2000,3000,None,0,Loam,0.5,Wet,3,Low,High,40.96345267136136,0.41914940884428126,92.970358833222,21.830212654598824,0.05859,0.003251,0.002882,3.026e-06
baseline_00144,5.5,High,300,250,400,25,25,100,50,2000,3000,None,0,Loam,0.5,Wet,3,High,High,41.315692780320965,0.42906258467504355,93.11746383137583,22.082013253704392,0.05822,0.003278,0.002843,3.016e-06
baseline_00145,5.5,High,300,250,400,25,40,20,10,100,150,None,0,Clay,1.5,Dry,12,Low,Low,79.15042448386464,95.16648797531772,98.8545587593753,82.37476742167877,0.06584,0.4291,0.001782,6.641e-06
baseline_00146,5.5,High,300,250,400,25,40,100,50,100,150,None,0,Clay,1.5,Dry,12,High,Low,79.84109136417759,95.36983517184618,98.91993875855476,83.09419770483754,0.06553,0.4244,0.00176,6.61e-06
baseline_00147,5.5,High,300,250,400,25,40,20,10,500,700,None,0,Clay,1.5,Dry,12,Low,Medium,65.40615356563684,94.55644638573236,97.26909377927286,51.169478889667275,0.05454,0.4274,0.001758,4.136e-06
baseline_00148,5.5,High,300,250,400,25,40,100,50,500,700,None,0,Clay,1.5,Dry,12,High,Medium,66.1244471211623,94.73437518269475,97.38350877783695,52.0238023509183,0.05456,0.4238,0.001742,4.162e-06
baseline_00149,5.5,High,300,250,400,25,40,20,10,2000,3000,None,0,Clay,1.5,Dry,12,Low,High,38.10409178686572,92.29420882435326,92.2511788422477,20.305919742156185,0.03194,0.4194,0.001676,1.65e-06
baseline_00150,5.5,High,300,250,400,25,40,100,50,2000,3000,None,0,Clay,1.5,Dry,12,High,High,38.40107854540029,92.3958824226175,92.38193884060667,20.517252387834077,0.03202,0.4177,0.00167,1.658e-06
baseline_00151,5.5,High,300,250,400,25,40,20,10,100,150,None,0,Clay,1.5,Mesic,8,Low,Low,79.15042448386464,95.16648797531772,98.8545587593753,82.37476742167877,0.06584,0.4291,0.001782,6.641e-06
baseline_00152,5.5,High,300,250,400,25,40,100,50,100,150,None,0,Clay,1.5,Mesic,8,High,Low,79.84109136417759,95.36983517184618,98.91993875855476,83.09419770483754,0.06553,0.4244,0.00176,6.61e-06
baseline_00153,5.5,High,300,250,400,25,40,20,10,500,700,None,0,Clay,1.5,Mesic,8,Low,Medium,65.41306023443995,94.5310279861663,97.26909377927286,51.169478889667275,0.05455,0.4274,0.001758,4.137e-06
baseline_00154,5.5,High,300,250,400,25,40,100,50,500,700,None,0,Clay,1.5,Mesic,8,High,Medium,66.1244471211623,94.7089567831287,97.38350877783695,52.0238023509183,0.05457,0.4238,0.001742,4.163e-06
baseline_00155,5.5,High,300,250,400,25,40,20,10,2000,3000,None,0,Clay,1.5,Mesic,8,Low,High,38.10409178686572,92.04002482869271,92.2511788422477,20.310416181425932,0.032,0.4191,0.001679,1.653e-06
baseline_00156,5.5,High,300,250,400,25,40,100,50,2000,3000,None,0,Clay,1.5,Mesic,8,High,High,38.40798521420343,92.16711682652297,92.38193884060667,20.521748827103817,0.03209,0.4174,0.001673,1.662e-06
baseline_00157,5.5,High,300,250,400,25,40,20,10,100,150,None,0,Clay,1.5,Wet,3,Low,Low,81.01522506070961,44.355107242769606,99.0670437567086,89.74892782405614,0.1109,0.329,0.002938,1.19e-05
baseline_00158,5.5,High,300,250,400,25,40,100,50,100,150,None,0,Clay,1.5,Wet,3,High,Low,81.70589194102257,45.57519042194035,99.1160787560932,90.06367857293809,0.1082,0.3274,0.002846,1.157e-05
baseline_00159,5.5,High,300,250,400,25,40,20,10,500,700,None,0,Clay,1.5,Wet,3,Low,Medium,69.68828822357715,7.114610038539376,97.84116877209333,59.667749109480205,0.2015,0.1116,0.006132,1.673e-05
baseline_00160,5.5,High,300,250,400,25,40,100,50,500,700,None,0,Clay,1.5,Wet,3,High,Medium,70.4480217919214,7.490802352117022,97.95558377065741,60.612001356126086,0.1969,0.1136,0.005935,1.643e-05
baseline_00161,5.5,High,300,250,400,25,40,20,10,2000,3000,None,0,Clay,1.5,Wet,3,Low,High,39.98270570131696,0.41889522484862074,92.75787383588869,21.82571621532908,0.1732,0.009841,0.008708,9.164e-06
baseline_00162,5.5,High,300,250,400,25,40,100,50,2000,3000,None,0,Clay,1.5,Wet,3,High,High,40.32803914147344,0.428808400679383,92.90497883404251,22.07751681443465,0.1721,0.009922,0.008592,9.131e-06
baseline_00163,6.5,Low,25,20,30,2,10,20,10,100,150,None,0,Sand,0.1,Dry,12,Low,Low,65.6409440361224,70.09124571143886,97.85207076993017,77.73222008953536,0.006465,0.03593,0.000188,7.123e-07
baseline_00164,6.5,Low,25,20,30,2,10,100,50,100,150,None,0,Sand,0.1,Dry,12,High,Low,68.16878342135186,72.4742209736138,98.09179744664937,79.64320742362374,0.006449,0.03568,0.000181,7.009e-07
baseline_00165,6.5,Low,25,20,30,2,10,20,10,500,700,None,0,Sand,0.1,Dry,12,Low,Medium,56.524146253327636,73.33209206799677,96.17398403289572,46.90349794990403,0.005384,0.03635,0.0001786,4.157e-07
baseline_00166,6.5,Low,25,20,30,2,10,100,50,500,700,None,0,Sand,0.1,Dry,12,High,Medium,58.015985890512226,74.50769319733641,96.41371070961495,48.35360010341814,0.005409,0.03616,0.0001753,4.195e-07
baseline_00167,6.5,Low,25,20,30,2,10,20,10,2000,3000,None,0,Sand,0.1,Dry,12,Low,High,35.2820074194158,76.06457036862403,91.1397238217924,19.267248768396765,0.003306,0.0371,0.0001666,1.68e-07
baseline_00168,6.5,Low,25,20,30,2,10,100,50,2000,3000,None,0,Sand,0.1,Dry,12,High,High,35.71298331460246,76.41407340707636,91.33586383001722,19.54265576654479,0.003323,0.03702,0.0001658,1.692e-07
baseline_00169,6.5,Low,25,20,30,2,10,20,10,100,150,None,0,Sand,0.1,Mesic,8,Low,Low,65.6409440361224,70.09124571143886,97.85207076993017,77.73222008953536,0.006465,0.03593,0.000188,7.124e-07
baseline_00170,6.5,Low,25,20,30,2,10,100,50,100,150,None,0,Sand,0.1,Mesic,8,High,Low,68.16878342135186,72.4742209736138,98.09179744664937,79.64320742362374,0.006449,0.03568,0.000181,7.009e-07
baseline_00171,6.5,Low,25,20,30,2,10,20,10,500,700,None,0,Sand,0.1,Mesic,8,Low,Medium,56.524146253327636,73.3003190645011,96.17398403289572,46.90349794990403,0.005384,0.03635,0.0001787,4.157e-07
baseline_00172,6.5,Low,25,20,30,2,10,100,50,500,700,None,0,Sand,0.1,Mesic,8,High,Medium,58.015985890512226,74.50769319733641,96.41371070961495,48.35360010341814,0.00541,0.03616,0.0001754,4.196e-07
baseline_00173,6.5,Low,25,20,30,2,10,20,10,2000,3000,None,0,Sand,0.1,Mesic,8,Low,High,35.2820074194158,75.9057053511457,91.1397238217924,19.267248768396765,0.003312,0.03709,0.0001669,1.683e-07
baseline_00174,6.5,Low,25,20,30,2,10,100,50,2000,3000,None,0,Sand,0.1,Mesic,8,High,High,35.71298331460246,76.25520838959802,91.33586383001722,19.54265576654479,0.003329,0.037,0.0001661,1.695e-07
baseline_00175,6.5,Low,25,20,30,2,10,20,10,100,150,None,0,Sand,0.1,Wet,3,Low,Low,65.00276819132678,21.872535606416367,97.83027743568297,78.80012477623181,0.01414,0.02477,0.0004151,1.594e-06
baseline_00176,6.5,Low,25,20,30,2,10,100,50,100,150,None,0,Sand,0.1,Wet,3,High,Low,67.71294353221212,24.38260288257397,98.09179744664937,80.59870109066792,0.01349,0.02528,0.0003811,1.494e-06
baseline_00177,6.5,Low,25,20,30,2,10,20,10,500,700,None,0,Sand,0.1,Wet,3,Low,Medium,56.22577832589071,3.33934266739448,96.17398403289572,47.488035252095756,0.02512,0.007764,0.000838,1.974e-06
baseline_00178,6.5,Low,25,20,30,2,10,100,50,500,700,None,0,Sand,0.1,Wet,3,High,Medium,57.78392194695018,3.6094131971076395,96.41371070961495,48.960619609540316,0.02472,0.008036,0.0008045,1.949e-06
baseline_00179,6.5,Low,25,20,30,2,10,20,10,2000,3000,None,0,Sand,0.1,Wet,3,Low,High,35.29029541740015,0.3278973960752715,91.16151715603961,19.37403923706641,0.02473,0.001196,0.001246,1.263e-06
baseline_00180,6.5,Low,25,20,30,2,10,100,50,2000,3000,None,0,Sand,0.1,Wet,3,High,High,35.729559310571176,0.33647610701910124,91.35765716426441,19.65506678619705,0.02465,0.001209,0.00123,1.262e-06
baseline_00181,6.5,Low,25,20,30,2,25,20,10,100,150,None,0,Loam,0.5,Dry,12,Low,Low,48.14498029114079,54.96729604750191,96.08681069590692,77.61980906988312,0.02986,0.1774,0.001162,4.48e-06
baseline_00182,6.5,Low,25,20,30,2,25,100,50,100,150,None,0,Loam,0.5,Dry,12,High,Low,51.12865956550999,58.17636940056416,96.50088404660373,79.53079640397146,0.02979,0.1764,0.001097,4.312e-06
baseline_00183,6.5,Low,25,20,30,2,25,20,10,500,700,None,0,Loam,0.5,Dry,12,Low,Medium,44.987253059100055,59.79679257884312,94.7356239725805,46.90349794990403,0.02582,0.1786,0.00106,2.504e-06
baseline_00184,6.5,Low,25,20,30,2,25,100,50,500,700,None,0,Loam,0.5,Dry,12,High,Medium,46.57854867209696,61.544307771104734,95.0625239862885,48.3367384504703,0.02588,0.1779,0.00103,2.499e-06
baseline_00185,6.5,Low,25,20,30,2,25,20,10,2000,3000,None,0,Loam,0.5,Dry,12,Low,High,31.50268033854814,65.64302522204564,90.1590237806684,19.272869319379378,0.01676,0.1818,0.0009354,9.538e-07
baseline_00186,6.5,Low,25,20,30,2,25,100,50,2000,3000,None,0,Loam,0.5,Dry,12,High,High,31.9336562337348,66.24671228846329,90.3769571231404,19.54265576654479,0.01681,0.1814,0.0009276,9.57e-07
baseline_00187,6.5,Low,25,20,30,2,25,20,10,100,150,None,0,Loam,0.5,Mesic,8,Low,Low,48.14498029114079,54.96729604750191,96.08681069590692,77.61980906988312,0.02986,0.1774,0.001162,4.48e-06
baseline_00188,6.5,Low,25,20,30,2,25,100,50,100,150,None,0,Loam,0.5,Mesic,8,High,Low,51.12865956550999,58.17636940056416,96.50088404660373,79.53079640397146,0.02979,0.1764,0.001097,4.312e-06
baseline_00189,6.5,Low,25,20,30,2,25,20,10,500,700,None,0,Loam,0.5,Mesic,8,Low,Medium,44.987253059100055,59.79679257884312,94.7356239725805,46.90349794990403,0.02582,0.1786,0.001061,2.505e-06
baseline_00190,6.5,Low,25,20,30,2,25,100,50,500,700,None,0,Loam,0.5,Mesic,8,High,Medium,46.57854867209696,61.512534767609075,95.0625239862885,48.3367384504703,0.02588,0.1779,0.00103,2.499e-06
baseline_00191,6.5,Low,25,20,30,2,25,20,10,2000,3000,None,0,Loam,0.5,Mesic,8,Low,High,31.50268033854814,65.51593320806298,90.1590237806684,19.272869319379378,0.01678,0.1817,0.0009369,9.553e-07
baseline_00192,6.5,Low,25,20,30,2,25,100,50,2000,3000,None,0,Loam,0.5,Mesic,8,High,High,31.9336562337348,66.11962027448061,90.3769571231404,19.548276317527407,0.01683,0.1814,0.0009291,9.585e-07
baseline_00193,6.5,Low,25,20,30,2,25,20,10,100,150,None,0,Loam,0.5,Wet,3,Low,Low,47.382484476579776,20.013814901919915,95.99963735891812,78.63150824675343,0.05951,0.1308,0.002351,9.185e-06
baseline_00194,6.5,Low,25,20,30,2,25,100,50,100,150,None,0,Loam,0.5,Wet,3,High,Low,50.49877171869872,22.355485259550488,96.43550404386214,80.43008456118953,0.05748,0.1324,0.002141,8.517e-06
baseline_00195,6.5,Low,25,20,30,2,25,20,10,500,700,None,0,Loam,0.5,Wet,3,Low,Medium,44.40709320019493,3.310746964248381,94.67024396983888,47.49927635406098,0.1142,0.0443,0.004748,1.136e-05
baseline_00196,6.5,Low,25,20,30,2,25,100,50,500,700,None,0,Loam,0.5,Wet,3,High,Medium,46.05640479908235,3.5744628932624076,95.01893731779411,48.9549990585577,0.1126,0.0455,0.004531,1.113e-05
baseline_00197,6.5,Low,25,20,30,2,25,20,10,2000,3000,None,0,Loam,0.5,Wet,3,Low,High,31.394936364751473,0.3278973960752715,90.1372304464212,19.37965978804902,0.1188,0.006456,0.006651,6.822e-06
baseline_00198,6.5,Low,25,20,30,2,25,100,50,2000,3000,None,0,Loam,0.5,Wet,3,High,High,31.834200257922497,0.33679383705405797,90.3551637888932,19.66068733717966,0.1184,0.006519,0.006556,6.804e-06
baseline_00199,6.5,Low,25,20,30,2,40,20,10,100,150,None,0,Clay,1.5,Dry,12,Low,Low,37.88443878650449,44.958799946367165,94.3433439561309,77.56360356005698,0.08494,0.5246,0.004126,1.618e-05
baseline_00200,6.5,Low,25,20,30,2,40,100,50,100,150,None,0,Clay,1.5,Dry,12,High,Low,40.75208608909266,48.32673831690775,94.9317639808053,79.41838538431922,0.08466,0.5225,0.003847,1.535e-05
baseline_00201,6.5,Low,25,20,30,2,40,20,10,500,700,None,0,Clay,1.5,Dry,12,Low,Medium,37.271126935661925,50.264891530143366,93.34085058075966,46.909118500886635,0.07512,0.5273,0.003669,8.796e-06
baseline_00202,6.5,Low,25,20,30,2,40,100,50,500,700,None,0,Clay,1.5,Dry,12,High,Medium,38.820982558737036,52.20304474337898,93.75492393145647,48.33111789948769,0.07514,0.5259,0.00354,8.705e-06
baseline_00203,6.5,Low,25,20,30,2,40,20,10,2000,3000,None,0,Clay,1.5,Dry,12,Low,High,28.42783308635099,57.60445533764217,89.17832373954437,19.27848987036199,0.05083,0.536,0.00311,3.207e-06
baseline_00204,6.5,Low,25,20,30,2,40,100,50,2000,3000,None,0,Clay,1.5,Dry,12,High,High,28.858808981537653,58.30346141454682,89.41805041626357,19.548276317527407,0.0509,0.5353,0.003076,3.208e-06
baseline_00205,6.5,Low,25,20,30,2,40,20,10,100,150,None,0,Clay,1.5,Mesic,8,Low,Low,37.88443878650449,44.958799946367165,94.3433439561309,77.56360356005698,0.08495,0.5246,0.004126,1.618e-05
baseline_00206,6.5,Low,25,20,30,2,40,100,50,100,150,None,0,Clay,1.5,Mesic,8,High,Low,40.75208608909266,48.32673831690775,94.9317639808053,79.41838538431922,0.08466,0.5225,0.003847,1.535e-05
baseline_00207,6.5,Low,25,20,30,2,40,20,10,500,700,None,0,Clay,1.5,Mesic,8,Low,Medium,37.271126935661925,50.264891530143366,93.34085058075966,46.909118500886635,0.07513,0.5273,0.003669,8.797e-06
baseline_00208,6.5,Low,25,20,30,2,40,100,50,500,700,None,0,Clay,1.5,Mesic,8,High,Medium,38.820982558737036,52.171271739883316,93.75492393145647,48.33111789948769,0.07515,0.5258,0.00354,8.706e-06
baseline_00209,6.5,Low,25,20,30,2,40,20,10,2000,3000,None,0,Clay,1.5,Mesic,8,Low,High,28.42783308635099,57.509136327155176,89.17832373954437,19.27848987036199,0.0509,0.5358,0.003115,3.211e-06
baseline_00210,6.5,Low,25,20,30,2,40,100,50,2000,3000,None,0,Clay,1.5,Mesic,8,High,High,28.858808981537653,58.20814240405983,89.41805041626357,19.548276317527407,0.05097,0.5351,0.00308,3.212e-06
baseline_00211,6.5,Low,25,20,30,2,40,20,10,100,150,None,0,Clay,1.5,Wet,3,Low,Low,37.27941493364629,18.466469631680987,94.21258395064768,78.46289171727504,0.1568,0.4042,0.007729,3.07e-05
baseline_00212,6.5,Low,25,20,30,2,40,100,50,100,150,None,0,Clay,1.5,Wet,3,High,Low,40.22165421809369,20.6524522721828,94.8445906438165,80.26146803171115,0.1526,0.4077,0.007018,2.833e-05
baseline_00213,6.5,Low,25,20,30,2,40,20,10,500,700,None,0,Clay,1.5,Wet,3,Low,Medium,36.682679078772445,3.285328561451848,93.23188390952366,47.51613800700883,0.3148,0.1467,0.0156,3.794e-05
baseline_00214,6.5,Low,25,20,30,2,40,100,50,500,700,None,0,Clay,1.5,Wet,3,High,Medium,38.273974691769354,3.542689889766742,93.66775059446766,48.9493785075751,0.311,0.1499,0.01485,3.701e-05
baseline_00215,6.5,Low,25,20,30,2,40,20,10,2000,3000,None,0,Clay,1.5,Wet,3,Low,High,28.27036112464817,0.3278973960752715,89.13473707104997,19.390900890014244,0.3435,0.02075,0.02113,2.192e-05
baseline_00216,6.5,Low,25,20,30,2,40,100,50,2000,3000,None,0,Clay,1.5,Wet,3,High,High,28.709625017819196,0.33679383705405797,89.39625708201638,19.66068733717966,0.3427,0.02092,0.02081,2.184e-05
baseline_00217,6.5,Medium,100,80,120,8,10,20,10,100,150,None,0,Sand,0.1,Dry,12,Low,Low,70.84167744969962,64.72952052177602,98.28791603466011,79.30596322108673,0.007921,0.03768,0.0002144,8.251e-07
baseline_00218,6.5,Medium,100,80,120,8,10,100,50,100,150,None,0,Sand,0.1,Dry,12,High,Low,72.3956773937556,66.14341850347635,98.45136600589292,80.69704939381663,0.007901,0.03757,0.0002095,8.193e-07
baseline_00219,6.5,Medium,100,80,120,8,10,20,10,500,700,None,0,Sand,0.1,Dry,12,Low,Medium,59.36279786293929,66.5882403404158,96.54444967484352,48.08380689981552,0.006616,0.03863,0.0002099,4.987e-07
baseline_00220,6.5,Medium,100,80,120,8,10,100,50,500,700,None,0,Sand,0.1,Dry,12,High,Medium,60.54383782042184,67.32696231961879,96.70789964607633,49.34843069320634,0.006653,0.03851,0.0002073,5.046e-07
baseline_00221,6.5,Medium,100,80,120,8,10,20,10,2000,3000,None,0,Sand,0.1,Dry,12,Low,High,35.99063870433701,67.58908947352953,91.4230172428823,19.531411920147157,0.004126,0.04033,0.0002044,2.083e-07
baseline_00222,6.5,Medium,100,80,120,8,10,100,50,2000,3000,None,0,Sand,0.1,Dry,12,High,High,36.38431869016453,67.69235168567617,91.5864672141151,19.78433667882532,0.004157,0.04026,0.0002041,2.103e-07
baseline_00223,6.5,Medium,100,80,120,8,10,20,10,100,150,None,0,Sand,0.1,Mesic,8,Low,Low,70.84167744969962,64.72952052177602,98.28791603466011,79.30596322108673,0.007921,0.03768,0.0002144,8.251e-07
baseline_00224,6.5,Medium,100,80,120,8,10,100,50,100,150,None,0,Sand,0.1,Mesic,8,High,Low,72.3956773937556,66.13547525638815,98.45136600589292,80.69704939381663,0.007901,0.03757,0.0002095,8.193e-07
baseline_00225,6.5,Medium,100,80,120,8,10,20,10,500,700,None,0,Sand,0.1,Mesic,8,Low,Medium,59.36279786293929,66.5723538462394,96.54444967484352,48.08380689981552,0.006617,0.03863,0.0002099,4.987e-07
baseline_00226,6.5,Medium,100,80,120,8,10,100,50,500,700,None,0,Sand,0.1,Mesic,8,High,Medium,60.54383782042184,67.31901907253058,96.70789964607633,49.34843069320634,0.006654,0.0385,0.0002073,5.046e-07
baseline_00227,6.5,Medium,100,80,120,8,10,20,10,2000,3000,None,0,Sand,0.1,Mesic,8,Low,High,35.99063870433701,67.47788401429466,91.4230172428823,19.531411920147157,0.004133,0.04032,0.0002047,2.086e-07
baseline_00228,6.5,Medium,100,80,120,8,10,100,50,2000,3000,None,0,Sand,0.1,Mesic,8,High,High,36.38431869016453,67.58114622644132,91.5864672141151,19.78433667882532,0.004163,0.04025,0.0002044,2.107e-07
baseline_00229,6.5,Medium,100,80,120,8,10,20,10,100,150,None,0,Sand,0.1,Wet,3,Low,Low,69.99215748028233,26.832288663953786,98.28791603466011,82.80475571613466,0.01468,0.02928,0.000402,1.615e-06
baseline_00230,6.5,Medium,100,80,120,8,10,100,50,100,150,None,0,Sand,0.1,Wet,3,High,Low,71.83623741389546,28.849873424357646,98.45136600589292,83.95696850566853,0.0142,0.02968,0.0003796,1.544e-06
baseline_00231,6.5,Medium,100,80,120,8,10,20,10,500,700,None,0,Sand,0.1,Wet,3,Low,Medium,59.05199787412807,4.038346819643015,96.5989329985878,50.570900360150794,0.02936,0.01045,0.0009368,2.339e-06
baseline_00232,6.5,Medium,100,80,120,8,10,100,50,500,700,None,0,Sand,0.1,Wet,3,High,Medium,60.39879782564328,4.334629936033031,96.81686629356486,51.90578103095223,0.02893,0.01081,0.0009045,2.313e-06
baseline_00233,6.5,Medium,100,80,120,8,10,20,10,2000,3000,None,0,Sand,0.1,Wet,3,Low,High,36.177118697623726,0.34878797964304636,91.47750056662657,19.981055935575004,0.03263,0.001637,0.001609,1.676e-06
baseline_00234,6.5,Medium,100,80,120,8,10,100,50,2000,3000,None,0,Sand,0.1,Wet,3,High,High,36.591518682705335,0.35792271379448115,91.69543386160363,20.248032069735284,0.03257,0.001658,0.001591,1.677e-06
baseline_00235,6.5,Medium,100,80,120,8,25,20,10,100,150,None,0,Loam,0.5,Dry,12,Low,Low,54.55575803599271,55.19762401593098,96.9258329410534,79.10924396433704,0.03603,0.1897,0.001248,4.861e-06
baseline_00236,6.5,Medium,100,80,120,8,25,100,50,100,150,None,0,Loam,0.5,Dry,12,High,Low,56.627757961400704,57.10400331709998,97.14376623603049,80.52843288803119,0.03603,0.1891,0.001206,4.768e-06
baseline_00237,6.5,Medium,100,80,120,8,25,20,10,500,700,None,0,Loam,0.5,Dry,12,Low,Medium,48.691998247088065,57.914214520096806,95.34581655246961,47.99949864692279,0.03116,0.1929,0.00119,2.858e-06
baseline_00238,6.5,Medium,100,80,120,8,25,100,50,500,700,None,0,Loam,0.5,Dry,12,High,Medium,49.99735820009511,59.002439371180785,95.61823317119097,49.26412244031362,0.03131,0.1923,0.001168,2.871e-06
baseline_00239,6.5,Medium,100,80,120,8,25,20,10,2000,3000,None,0,Loam,0.5,Dry,12,Low,High,32.50967882965156,60.82938620146775,90.49680073922973,19.517360544665035,0.0205,0.1997,0.001114,1.145e-06
baseline_00240,6.5,Medium,100,80,120,8,25,100,50,2000,3000,None,0,Loam,0.5,Dry,12,High,High,32.90335881547908,61.12328634373131,90.71473403420681,19.7702853033432,0.02062,0.1994,0.001109,1.153e-06
baseline_00241,6.5,Medium,100,80,120,8,25,20,10,100,150,None,0,Loam,0.5,Mesic,8,Low,Low,54.55575803599271,55.19762401593098,96.9258329410534,79.10924396433704,0.03603,0.1897,0.001248,4.861e-06
baseline_00242,6.5,Medium,100,80,120,8,25,100,50,100,150,None,0,Loam,0.5,Mesic,8,High,Low,56.627757961400704,57.10400331709998,97.14376623603049,80.52843288803119,0.03603,0.1891,0.001206,4.768e-06
baseline_00243,6.5,Medium,100,80,120,8,25,20,10,500,700,None,0,Loam,0.5,Mesic,8,Low,Medium,48.691998247088065,57.90627127300861,95.34581655246961,47.99949864692279,0.03117,0.1929,0.00119,2.858e-06
baseline_00244,6.5,Medium,100,80,120,8,25,100,50,500,700,None,0,Loam,0.5,Mesic,8,High,Medium,49.99735820009511,58.99449612409258,95.61823317119097,49.26412244031362,0.03131,0.1923,0.001168,2.871e-06
baseline_00245,6.5,Medium,100,80,120,8,25,20,10,2000,3000,None,0,Loam,0.5,Mesic,8,Low,High,32.50967882965156,60.7340672364093,90.49680073922973,19.517360544665035,0.02053,0.1996,0.001115,1.147e-06
baseline_00246,6.5,Medium,100,80,120,8,25,100,50,2000,3000,None,0,Loam,0.5,Mesic,8,High,High,32.90335881547908,61.027967378672855,90.71473403420681,19.78433667882532,0.02064,0.1993,0.00111,1.155e-06
baseline_00247,6.5,Medium,100,80,120,8,25,20,10,100,150,None,0,Loam,0.5,Wet,3,Low,Low,52.73239810163367,24.322222584081256,96.7623829698206,82.38321445167107,0.06388,0.1533,0.002286,9.285e-06
baseline_00248,6.5,Medium,100,80,120,8,25,100,50,100,150,None,0,Loam,0.5,Wet,3,High,Low,55.115198015852876,26.2921478619559,97.03479958854194,83.57758136765128,0.06228,0.1546,0.002139,8.787e-06
baseline_00249,6.5,Medium,100,80,120,8,25,20,10,500,700,None,0,Loam,0.5,Wet,3,Low,Medium,47.0965583045239,3.9811554406079446,95.23684990498109,50.48659210725809,0.1353,0.05953,0.005337,1.35e-05
baseline_00250,6.5,Medium,100,80,120,8,25,100,50,500,700,None,0,Loam,0.5,Wet,3,High,Medium,48.58839825081767,4.271083959327398,95.50926652370244,51.82147277805951,0.1336,0.0611,0.005121,1.325e-05
baseline_00251,6.5,Medium,100,80,120,8,25,20,10,2000,3000,None,0,Loam,0.5,Wet,3,Low,High,32.2610388386026,0.3486291147012822,90.49680073922973,19.981055935575004,0.1586,0.008919,0.008678,9.136e-06
baseline_00252,6.5,Medium,100,80,120,8,25,100,50,2000,3000,None,0,Loam,0.5,Wet,3,High,High,32.69615882293828,0.357684416381835,90.71473403420681,20.248032069735284,0.1583,0.009016,0.00857,9.124e-06
baseline_00253,6.5,Medium,100,80,120,8,40,20,10,100,150,None,0,Clay,1.5,Dry,12,Low,Low,43.73991842536294,47.405298622402654,95.45478319995816,78.94062745855159,0.1011,0.5702,0.004304,1.698e-05
baseline_00254,6.5,Medium,100,80,120,8,40,100,50,100,150,None,0,Clay,1.5,Dry,12,High,Low,45.93623834629542,49.613521312923424,95.83616646616802,80.37386775772787,0.1011,0.5686,0.004116,1.647e-05
baseline_00255,6.5,Medium,100,80,120,8,40,20,10,500,700,None,0,Clay,1.5,Dry,12,Low,Medium,40.94271852606213,50.7096894110956,94.14718343009571,47.94329314499431,0.08952,0.5772,0.004015,9.754e-06
baseline_00256,6.5,Medium,100,80,120,8,40,100,50,500,700,None,0,Clay,1.5,Dry,12,High,Medium,42.24807847906917,52.03621167482571,94.47408337256134,49.20791693838514,0.08984,0.5758,0.003917,9.735e-06
baseline_00257,6.5,Medium,100,80,120,8,40,20,10,2000,3000,None,0,Clay,1.5,Dry,12,Low,High,29.54671893631812,55.02287257999048,89.62506755932144,19.517360544665035,0.06137,0.5946,0.003631,3.769e-06
baseline_00258,6.5,Medium,100,80,120,8,40,100,50,2000,3000,None,0,Clay,1.5,Dry,12,High,High,29.94039892214564,55.44386467566531,89.84300085429851,19.7702853033432,0.06162,0.5939,0.003606,3.785e-06
baseline_00259,6.5,Medium,100,80,120,8,40,20,10,100,150,None,0,Clay,1.5,Mesic,8,Low,Low,43.73991842536294,47.405298622402654,95.45478319995816,78.94062745855159,0.1011,0.5702,0.004304,1.698e-05
baseline_00260,6.5,Medium,100,80,120,8,40,100,50,100,150,None,0,Clay,1.5,Mesic,8,High,Low,45.93623834629542,49.613521312923424,95.83616646616802,80.37386775772787,0.1011,0.5686,0.004116,1.647e-05
baseline_00261,6.5,Medium,100,80,120,8,40,20,10,500,700,None,0,Clay,1.5,Mesic,8,Low,Medium,40.94271852606213,50.7096894110956,94.14718343009571,47.94329314499431,0.08953,0.5772,0.004016,9.755e-06
baseline_00262,6.5,Medium,100,80,120,8,40,100,50,500,700,None,0,Clay,1.5,Mesic,8,High,Medium,42.24807847906917,52.0282684277375,94.47408337256134,49.20791693838514,0.08984,0.5758,0.003918,9.736e-06
baseline_00263,6.5,Medium,100,80,120,8,40,20,10,2000,3000,None,0,Clay,1.5,Mesic,8,Low,High,29.54671893631812,54.93549686202024,89.62506755932144,19.517360544665035,0.06144,0.5945,0.003635,3.774e-06
baseline_00264,6.5,Medium,100,80,120,8,40,100,50,2000,3000,None,0,Clay,1.5,Mesic,8,High,High,29.94039892214564,55.36443220478326,89.84300085429851,19.7702853033432,0.0617,0.5937,0.003611,3.79e-06
baseline_00265,6.5,Medium,100,80,120,8,40,20,10,100,150,None,0,Clay,1.5,Wet,3,Low,Low,41.95799848951206,22.20931885861894,95.23684990498109,82.00382731365382,0.1719,0.4735,0.007608,3.126e-05
baseline_00266,6.5,Medium,100,80,120,8,40,100,50,100,150,None,0,Clay,1.5,Wet,3,High,Low,44.38223840223942,24.115698159787947,95.67271649493523,83.24034835608039,0.1684,0.4763,0.00708,2.939e-05
baseline_00267,6.5,Medium,100,80,120,8,40,20,10,500,700,None,0,Clay,1.5,Wet,3,Low,Medium,39.03647859468677,3.927935685116976,93.87476681137437,50.43038660532959,0.3771,0.1974,0.01768,4.532e-05
baseline_00268,6.5,Medium,100,80,120,8,40,100,50,500,700,None,0,Clay,1.5,Wet,3,High,Medium,40.528318540980536,4.213098255583507,94.25615007758425,51.751215900648894,0.3727,0.2017,0.01691,4.429e-05
baseline_00269,6.5,Medium,100,80,120,8,40,20,10,2000,3000,None,0,Clay,1.5,Wet,3,Low,High,29.090878952728357,0.3484702497595182,89.51610091183291,19.96700456009288,0.4638,0.02892,0.02785,2.963e-05
baseline_00270,6.5,Medium,100,80,120,8,40,100,50,2000,3000,None,0,Clay,1.5,Wet,3,High,High,29.50527893780996,0.35744611896918893,89.78851753055424,20.248032069735284,0.4632,0.0292,0.02748,2.956e-05
baseline_00271,6.5,High,300,250,400,25,10,20,10,100,150,None,0,Sand,0.1,Dry,12,Low,Low,76.94029046686317,54.16660947526765,98.83821375958041,82.10498106549423,0.009751,0.03723,0.0002715,1.009e-06
baseline_00272,6.5,High,300,250,400,25,10,100,50,100,150,None,0,Sand,0.1,Dry,12,High,Low,77.49282397111355,54.700395866154835,98.90359375875988,82.86937574135042,0.009717,0.0372,0.0002689,1.007e-06
baseline_00273,6.5,High,300,250,400,25,10,20,10,500,700,None,0,Sand,0.1,Dry,12,Low,Medium,63.70020637126383,54.77665106485301,97.17102378050365,50.899692533482735,0.008263,0.03853,0.0002732,6.397e-07
baseline_00274,6.5,High,300,250,400,25,10,100,50,500,700,None,0,Sand,0.1,Dry,12,High,Medium,64.35633990756115,55.05625346007964,97.28543877906773,51.75401599473377,0.008293,0.03846,0.0002717,6.466e-07
baseline_00275,6.5,High,300,250,400,25,10,20,10,2000,3000,None,0,Sand,0.1,Dry,12,Low,High,37.41342490655277,54.14119107570158,91.9733138457349,20.224983835300826,0.005237,0.04107,0.000279,2.743e-07
baseline_00276,6.5,High,300,250,400,25,10,100,50,2000,3000,None,0,Sand,0.1,Dry,12,High,High,37.71041166508734,54.0140990778713,92.12041884388876,20.440812920248458,0.00528,0.041,0.0002795,2.774e-07
baseline_00277,6.5,High,300,250,400,25,10,20,10,100,150,None,0,Sand,0.1,Mesic,8,Low,Low,76.94029046686317,54.16660947526765,98.83821375958041,82.10498106549423,0.009751,0.03723,0.0002715,1.009e-06
baseline_00278,6.5,High,300,250,400,25,10,100,50,100,150,None,0,Sand,0.1,Mesic,8,High,Low,77.49282397111355,54.700395866154835,98.90359375875988,82.86937574135042,0.009717,0.0372,0.0002689,1.007e-06
baseline_00279,6.5,High,300,250,400,25,10,20,10,500,700,None,0,Sand,0.1,Mesic,8,Low,Medium,63.70020637126383,54.77665106485301,97.17102378050365,50.899692533482735,0.008264,0.03853,0.0002732,6.397e-07
baseline_00280,6.5,High,300,250,400,25,10,100,50,500,700,None,0,Sand,0.1,Mesic,8,High,Medium,64.35633990756115,55.05625346007964,97.28543877906773,51.75401599473377,0.008294,0.03846,0.0002717,6.466e-07
baseline_00281,6.5,High,300,250,400,25,10,20,10,2000,3000,None,0,Sand,0.1,Mesic,8,Low,High,37.4203315753559,54.064935877003414,91.9733138457349,20.224983835300826,0.005242,0.04107,0.0002792,2.746e-07
baseline_00282,6.5,High,300,250,400,25,10,100,50,2000,3000,None,0,Sand,0.1,Mesic,8,High,High,37.71041166508734,53.96326227873918,92.12041884388876,20.440812920248458,0.005285,0.04099,0.0002798,2.777e-07
baseline_00283,6.5,High,300,250,400,25,10,20,10,100,150,None,0,Sand,0.1,Wet,3,Low,Low,77.76909072323873,33.882726621554085,99.00166375752912,88.7147467920154,0.0138,0.03258,0.0003807,1.525e-06
baseline_00284,6.5,High,300,250,400,25,10,100,50,100,150,None,0,Sand,0.1,Wet,3,High,Low,78.3216242274891,34.797789005932145,99.05069875691373,89.07446193359479,0.01359,0.03274,0.0003725,1.498e-06
baseline_00285,6.5,High,300,250,400,25,10,20,10,500,700,None,0,Sand,0.1,Wet,3,Low,Medium,66.02084708911536,6.906179162097708,97.64502877455489,59.44292714599308,0.02799,0.01587,0.000897,2.442e-06
baseline_00286,6.5,High,300,250,400,25,10,100,50,500,700,None,0,Sand,0.1,Wet,3,High,Medium,66.80820733267213,7.269662275892326,97.75944377311899,60.38717939263898,0.02757,0.01626,0.0008743,2.415e-06
baseline_00287,6.5,High,300,250,400,25,10,20,10,2000,3000,None,0,Sand,0.1,Wet,3,Low,High,38.69806530393486,0.41838685685729965,92.41462884019641,21.80323401898037,0.03706,0.002172,0.001918,2.023e-06
baseline_00288,6.5,High,300,250,400,25,10,100,50,2000,3000,None,0,Sand,0.1,Wet,3,High,High,39.05721208169761,0.4283000326880618,92.56173383835024,22.05503461808594,0.03701,0.0022,0.001901,2.026e-06
baseline_00289,6.5,High,300,250,400,25,25,20,10,100,150,None,0,Loam,0.5,Dry,12,Low,Low,64.63951332848946,50.50635993775542,97.98827377024718,81.92512349470455,0.04463,0.189,0.001466,5.481e-06
baseline_00290,6.5,High,300,250,400,25,25,100,50,100,150,None,0,Loam,0.5,Dry,12,High,Low,65.48212692247127,51.167238326472905,98.08634376901638,82.68951817056075,0.04456,0.1888,0.001447,5.454e-06
baseline_00291,6.5,High,300,250,400,25,25,20,10,500,700,None,0,Loam,0.5,Dry,12,Low,Medium,55.218817081020745,51.26891192473714,96.370118790555,50.71983496269304,0.03857,0.1941,0.001459,3.433e-06
baseline_00292,6.5,High,300,250,400,25,25,100,50,500,700,None,0,Loam,0.5,Dry,12,High,Medium,55.97164398056187,51.650187918227985,96.51722378870883,51.61912281664151,0.03872,0.1937,0.001447,3.462e-06
baseline_00293,6.5,High,300,250,400,25,25,20,10,2000,3000,None,0,Loam,0.5,Dry,12,Low,High,34.47809066522271,51.19265672603896,91.28682385435035,20.19350876041263,0.02543,0.2047,0.001459,1.444e-06
baseline_00294,6.5,High,300,250,400,25,25,100,50,2000,3000,None,0,Loam,0.5,Dry,12,High,High,34.77507742375728,51.14181992690685,91.45027385229906,20.41383428463,0.02562,0.2043,0.00146,1.458e-06
baseline_00295,6.5,High,300,250,400,25,25,20,10,100,150,None,0,Loam,0.5,Mesic,8,Low,Low,64.63951332848946,50.50635993775542,97.98827377024718,81.92512349470455,0.04463,0.189,0.001466,5.481e-06
baseline_00296,6.5,High,300,250,400,25,25,100,50,100,150,None,0,Loam,0.5,Mesic,8,High,Low,65.48212692247127,51.167238326472905,98.08634376901638,82.68951817056075,0.04456,0.1888,0.001447,5.454e-06
baseline_00297,6.5,High,300,250,400,25,25,20,10,500,700,None,0,Loam,0.5,Mesic,8,Low,Medium,55.218817081020745,51.26891192473714,96.370118790555,50.71983496269304,0.03857,0.1941,0.001459,3.433e-06
baseline_00298,6.5,High,300,250,400,25,25,100,50,500,700,None,0,Loam,0.5,Mesic,8,High,Medium,55.97164398056187,51.650187918227985,96.51722378870883,51.61912281664151,0.03873,0.1937,0.001447,3.462e-06
baseline_00299,6.5,High,300,250,400,25,25,20,10,2000,3000,None,0,Loam,0.5,Mesic,8,Low,High,34.47809066522271,51.11640152734079,91.28682385435035,20.19800519968237,0.02546,0.2046,0.00146,1.445e-06
baseline_00300,6.5,High,300,250,400,25,25,100,50,2000,3000,None,0,Loam,0.5,Mesic,8,High,High,34.77507742375728,51.090983127774734,91.45027385229906,20.41383428463,0.02565,0.2043,0.001461,1.459e-06
baseline_00301,6.5,High,300,250,400,25,25,20,10,100,150,None,0,Loam,0.5,Wet,3,Low,Low,63.824526409720164,31.569652261042897,98.03730876963176,88.3100672577386,0.0626,0.1679,0.002084,8.395e-06
baseline_00302,6.5,High,300,250,400,25,25,100,50,100,150,None,0,Loam,0.5,Wet,3,High,Low,64.84671339258334,32.56096984411912,98.135378768401,88.7147467920154,0.06184,0.1684,0.002028,8.201e-06
baseline_00303,6.5,High,300,250,400,25,25,20,10,500,700,None,0,Loam,0.5,Wet,3,Low,Medium,54.45217684387337,6.705373805525859,96.56625878809345,59.12817639711113,0.13,0.08679,0.004996,1.368e-05
baseline_00304,6.5,High,300,250,400,25,25,100,50,500,700,None,0,Loam,0.5,Wet,3,High,Medium,55.4881771643428,7.063773239407263,96.72970878604215,60.11739303645444,0.1282,0.08848,0.004844,1.346e-05
baseline_00305,6.5,High,300,250,400,25,25,20,10,2000,3000,None,0,Loam,0.5,Wet,3,Low,High,34.747450748544765,0.41737012087465725,91.51565385147855,21.776255383361917,0.1812,0.0118,0.01034,1.101e-05
baseline_00306,6.5,High,300,250,400,25,25,100,50,2000,3000,None,0,Loam,0.5,Wet,3,High,High,35.120410863913754,0.4270291127097589,91.69544884922212,22.028055982467485,0.181,0.01193,0.01024,1.1e-05
baseline_00307,6.5,High,300,250,400,25,40,20,10,100,150,None,0,Clay,1.5,Dry,12,Low,Low,54.91492365368305,46.89694719937532,97.07295378173443,81.74526592391486,0.1241,0.5745,0.004754,1.79e-05
baseline_00308,6.5,High,300,250,400,25,40,100,50,100,150,None,0,Clay,1.5,Dry,12,High,Low,55.94401730534935,47.68491758592309,97.22005877988826,82.50966059977104,0.1241,0.5735,0.004674,1.774e-05
baseline_00309,6.5,High,300,250,400,25,40,20,10,500,700,None,0,Clay,1.5,Dry,12,Low,Medium,48.277614933875554,47.86284638288548,95.52017880122176,50.58494178460078,0.1092,0.5866,0.00468,1.108e-05
baseline_00310,6.5,High,300,250,400,25,40,100,50,500,700,None,0,Clay,1.5,Dry,12,High,Medium,49.08569518384171,48.34579597464057,95.68362879917045,51.48422963854924,0.1096,0.5854,0.004631,1.115e-05
baseline_00311,6.5,High,300,250,400,25,40,20,10,2000,3000,None,0,Clay,1.5,Dry,12,Low,High,31.881183195246,48.37121437420663,90.58398886317094,20.16653012479418,0.07459,0.6135,0.004593,4.573e-06
baseline_00312,6.5,High,300,250,400,25,40,100,50,2000,3000,None,0,Clay,1.5,Dry,12,High,High,32.178169953780575,48.422051173338744,90.74743886111963,20.386855649011547,0.0751,0.6125,0.00459,4.611e-06
baseline_00313,6.5,High,300,250,400,25,40,20,10,100,150,None,0,Clay,1.5,Mesic,8,Low,Low,54.91492365368305,46.89694719937532,97.07295378173443,81.74526592391486,0.1241,0.5745,0.004754,1.79e-05
baseline_00314,6.5,High,300,250,400,25,40,100,50,100,150,None,0,Clay,1.5,Mesic,8,High,Low,55.94401730534935,47.68491758592309,97.22005877988826,82.50966059977104,0.1241,0.5735,0.004674,1.774e-05
baseline_00315,6.5,High,300,250,400,25,40,20,10,500,700,None,0,Clay,1.5,Mesic,8,Low,Medium,48.277614933875554,47.86284638288548,95.52017880122176,50.58494178460078,0.1092,0.5866,0.00468,1.108e-05
baseline_00316,6.5,High,300,250,400,25,40,100,50,500,700,None,0,Clay,1.5,Mesic,8,High,Medium,49.08569518384171,48.34579597464057,95.68362879917045,51.48422963854924,0.1096,0.5854,0.004631,1.115e-05
baseline_00317,6.5,High,300,250,400,25,40,20,10,2000,3000,None,0,Clay,1.5,Mesic,8,Low,High,31.881183195246,48.32037757507451,90.58398886317094,20.17102656406392,0.07466,0.6134,0.004597,4.578e-06
baseline_00318,6.5,High,300,250,400,25,40,100,50,2000,3000,None,0,Clay,1.5,Mesic,8,High,High,32.178169953780575,48.37121437420663,90.74743886111963,20.386855649011547,0.07517,0.6124,0.004594,4.616e-06
baseline_00319,6.5,High,300,250,400,25,40,20,10,100,150,None,0,Clay,1.5,Wet,3,Low,Low,53.264229809735085,29.383669898361987,96.99122878276007,87.90538772346179,0.1725,0.5158,0.006806,2.759e-05
baseline_00320,6.5,High,300,250,400,25,40,100,50,100,150,None,0,Clay,1.5,Wet,3,High,Low,54.52124353190466,30.425824280570325,97.15467878070876,88.39999604313344,0.1708,0.5167,0.006595,2.683e-05
baseline_00321,6.5,High,300,250,400,25,40,20,10,500,700,None,0,Clay,1.5,Wet,3,Low,Medium,45.881000859189605,6.5223613286502475,95.45479880204226,58.903354433624024,0.364,0.2805,0.01641,4.528e-05
baseline_00322,6.5,High,300,250,400,25,40,100,50,500,700,None,0,Clay,1.5,Wet,3,High,Medium,46.99988120529658,6.8705934027052304,95.66728379937558,59.847606680269905,0.3595,0.2849,0.01586,4.437e-05
baseline_00323,6.5,High,300,250,400,25,40,20,10,2000,3000,None,0,Clay,1.5,Wet,3,Low,High,31.459876398255098,0.416353384892015,90.63302386255555,21.758269626282946,0.533,0.03824,0.03328,3.572e-05
baseline_00324,6.5,High,300,250,400,25,40,100,50,2000,3000,None,0,Clay,1.5,Wet,3,High,High,31.83974318242722,0.42601237672711667,90.829163860094,22.005573786118774,0.5324,0.03863,0.03292,3.567e-05
baseline_00325,7.5,Low,25,20,30,2,10,20,10,100,150,None,0,Sand,0.1,Dry,12,Low,Low,27.690201265743053,14.95873004575948,92.75243055608526,76.66431540283894,0.01247,0.03507,0.0008149,3.212e-06
baseline_00326,7.5,Low,25,20,30,2,10,100,50,100,150,None,0,Sand,0.1,Dry,12,High,Low,30.408664604612767,16.248713987683512,93.55878392323167,78.68771375657954,0.01258,0.03499,0.0007549,3.029e-06
baseline_00327,7.5,Low,25,20,30,2,10,20,10,500,700,None,0,Sand,0.1,Dry,12,Low,Medium,28.916824967428166,17.027152573327324,91.51021050399483,46.3639250555732,0.0117,0.03585,0.0007221,1.745e-06
baseline_00328,7.5,Low,25,20,30,2,10,100,50,500,700,None,0,Sand,0.1,Dry,12,High,Medium,30.408664604612767,17.722981349882406,92.05504386017485,47.83650941301776,0.01179,0.03576,0.0006961,1.726e-06
baseline_00329,7.5,Low,25,20,30,2,10,20,10,2000,3000,None,0,Sand,0.1,Dry,12,Low,High,24.549050029671033,19.49909224529013,86.62850363262193,19.12111444284883,0.009233,0.03817,0.0006356,6.692e-07
baseline_00330,7.5,Low,25,20,30,2,10,100,50,2000,3000,None,0,Sand,0.1,Dry,12,High,High,24.980025924857692,19.661134563118026,86.93361031208272,19.39652144099686,0.009299,0.0381,0.0006312,6.719e-07
baseline_00331,7.5,Low,25,20,30,2,10,20,10,100,150,None,0,Sand,0.1,Mesic,8,Low,Low,27.690201265743053,14.95873004575948,92.75243055608526,76.66431540283894,0.01247,0.03507,0.0008149,3.212e-06
baseline_00332,7.5,Low,25,20,30,2,10,100,50,100,150,None,0,Sand,0.1,Mesic,8,High,Low,30.408664604612767,16.248713987683512,93.55878392323167,78.68771375657954,0.01258,0.03499,0.0007549,3.029e-06
baseline_00333,7.5,Low,25,20,30,2,10,20,10,500,700,None,0,Sand,0.1,Mesic,8,Low,Medium,28.916824967428166,17.027152573327324,91.51021050399483,46.3639250555732,0.0117,0.03585,0.0007221,1.745e-06
baseline_00334,7.5,Low,25,20,30,2,10,100,50,500,700,None,0,Sand,0.1,Mesic,8,High,Medium,30.408664604612767,17.719804049532843,92.05504386017485,47.83650941301776,0.01179,0.03576,0.0006961,1.726e-06
baseline_00335,7.5,Low,25,20,30,2,10,20,10,2000,3000,None,0,Sand,0.1,Mesic,8,Low,High,24.549050029671033,19.48956034424143,86.62850363262193,19.12111444284883,0.009236,0.03817,0.0006358,6.694e-07
baseline_00336,7.5,Low,25,20,30,2,10,100,50,2000,3000,None,0,Sand,0.1,Mesic,8,High,High,24.980025924857692,19.651602662069322,86.93361031208272,19.39652144099686,0.009302,0.03809,0.0006314,6.721e-07
baseline_00337,7.5,Low,25,20,30,2,10,20,10,100,150,None,0,Sand,0.1,Wet,3,Low,Low,26.828249475369724,10.319871535392267,92.55629054786046,77.11395948144796,0.01568,0.03139,0.001055,4.194e-06
baseline_00338,7.5,Low,25,20,30,2,10,100,50,100,150,None,0,Sand,0.1,Wet,3,High,Low,29.646168790051746,11.514536466829302,93.40623058350127,79.13735783518858,0.0156,0.03154,0.0009589,3.876e-06
baseline_00339,7.5,Low,25,20,30,2,10,20,10,500,700,None,0,Sand,0.1,Wet,3,Low,Medium,27.101753408853575,2.96855171660006,91.11793048754522,46.90349794990403,0.02885,0.01644,0.001892,4.644e-06
baseline_00340,7.5,Low,25,20,30,2,10,100,50,500,700,None,0,Sand,0.1,Wet,3,High,Medium,28.70133701983483,3.20907335306225,91.72814384646682,48.38732340931381,0.02868,0.01669,0.001788,4.499e-06
baseline_00341,7.5,Low,25,20,30,2,10,20,10,2000,3000,None,0,Sand,0.1,Wet,3,Low,High,23.720250231235145,0.32535555579561826,86.4105702901499,19.23352546250109,0.04009,0.002861,0.002849,3.025e-06
baseline_00342,7.5,Low,25,20,30,2,10,100,50,2000,3000,None,0,Sand,0.1,Wet,3,High,High,24.1926661163436,0.333934266739448,86.73747030385792,19.514553011631726,0.04008,0.002881,0.002803,3.008e-06
baseline_00343,7.5,Low,25,20,30,2,25,20,10,100,150,None,0,Loam,0.5,Dry,12,Low,Low,14.263644531081649,8.604129346626312,86.60671029837471,75.42779418666412,0.05611,0.1762,0.006646,2.76e-05
baseline_00344,7.5,Low,25,20,30,2,25,100,50,100,150,None,0,Loam,0.5,Dry,12,High,Low,16.227900053374704,9.770198574917249,88.17583036417315,77.56360356005698,0.05635,0.1766,0.005973,2.505e-05
baseline_00345,7.5,Low,25,20,30,2,25,20,10,500,700,None,0,Loam,0.5,Dry,12,Low,Medium,16.468251994921115,10.488268453919295,86.80285030659951,46.04917420054687,0.05404,0.1791,0.005556,1.406e-05
baseline_00346,7.5,Low,25,20,30,2,25,100,50,500,700,None,0,Loam,0.5,Dry,12,High,Medium,17.678299700637513,11.225402135018744,87.69637701073475,47.510517456026214,0.05422,0.1792,0.005247,1.356e-05
baseline_00347,7.5,Low,25,20,30,2,25,20,10,2000,3000,None,0,Loam,0.5,Dry,12,Low,High,17.18930781956034,13.56389519229975,83.70819684349705,19.087391136953155,0.04573,0.1879,0.004345,4.726e-06
baseline_00348,7.5,Low,25,20,30,2,25,100,50,2000,3000,None,0,Loam,0.5,Dry,12,High,High,17.620283714746996,13.865738725508574,84.10047685994667,19.362798135101183,0.04586,0.1878,0.004269,4.688e-06
baseline_00349,7.5,Low,25,20,30,2,25,20,10,100,150,None,0,Loam,0.5,Mesic,8,Low,Low,14.263644531081649,8.604129346626312,86.60671029837471,75.42779418666412,0.05611,0.1762,0.006646,2.76e-05
baseline_00350,7.5,Low,25,20,30,2,25,100,50,100,150,None,0,Loam,0.5,Mesic,8,High,Low,16.227900053374704,9.770198574917249,88.17583036417315,77.56360356005698,0.05635,0.1766,0.005973,2.505e-05
baseline_00351,7.5,Low,25,20,30,2,25,20,10,500,700,None,0,Loam,0.5,Mesic,8,Low,Medium,16.468251994921115,10.488268453919295,86.80285030659951,46.04917420054687,0.05404,0.1791,0.005556,1.406e-05
baseline_00352,7.5,Low,25,20,30,2,25,100,50,500,700,None,0,Loam,0.5,Mesic,8,High,Medium,17.678299700637513,11.225402135018744,87.69637701073475,47.510517456026214,0.05422,0.1792,0.005247,1.356e-05
baseline_00353,7.5,Low,25,20,30,2,25,20,10,2000,3000,None,0,Loam,0.5,Mesic,8,Low,High,17.18930781956034,13.56071789195018,83.70819684349705,19.087391136953155,0.04575,0.1878,0.004346,4.727e-06
baseline_00354,7.5,Low,25,20,30,2,25,100,50,2000,3000,None,0,Loam,0.5,Mesic,8,High,High,17.620283714746996,13.85938412480944,84.10047685994667,19.362798135101183,0.04587,0.1878,0.00427,4.689e-06
baseline_00355,7.5,Low,25,20,30,2,25,20,10,100,150,None,0,Loam,0.5,Wet,3,Low,Low,13.96527660364473,6.659621532691561,86.3669836216555,75.70882173579476,0.06602,0.1639,0.007965,3.33e-05
baseline_00356,7.5,Low,25,20,30,2,25,100,50,100,150,None,0,Loam,0.5,Wet,3,High,Low,15.921244127953427,7.622343538610235,87.97969035594835,77.84463110918762,0.0661,0.1647,0.007125,3.006e-05
baseline_00357,7.5,Low,25,20,30,2,25,20,10,500,700,None,0,Loam,0.5,Wet,3,Low,Medium,15.498556230751124,2.6165068378680822,86.21443028192512,46.515679932103744,0.1173,0.103,0.01272,3.275e-05
baseline_00358,7.5,Low,25,20,30,2,25,100,50,500,700,None,0,Loam,0.5,Wet,3,High,Medium,16.692027940498804,2.8338341817784367,87.15154365455473,47.9882642895483,0.1173,0.1037,0.01195,3.138e-05
baseline_00359,7.5,Low,25,20,30,2,25,20,10,2000,3000,None,0,Loam,0.5,Wet,3,Low,High,16.38537201507752,0.32249598548100833,83.29412349280024,19.205422707588024,0.1876,0.01921,0.0186,2.045e-05
baseline_00360,7.5,Low,25,20,30,2,25,100,50,2000,3000,None,0,Loam,0.5,Wet,3,High,High,16.832923906232907,0.33107469642483806,83.70819684349705,19.480829705736053,0.1878,0.01922,0.01821,2.022e-05
baseline_00361,7.5,Low,25,20,30,2,40,20,10,100,150,None,0,Clay,1.5,Dry,12,Low,Low,9.4151657102317,5.773154735162485,80.9622367283498,74.1912729704893,0.1628,0.5197,0.02731,0.0001193
baseline_00362,7.5,Low,25,20,30,2,40,100,50,100,150,None,0,Clay,1.5,Dry,12,High,Low,10.815837369588351,6.659621532691561,83.14157015306985,76.3832878537083,0.1631,0.5224,0.02444,0.0001071
baseline_00363,7.5,Low,25,20,30,2,40,20,10,500,700,None,0,Clay,1.5,Dry,12,Low,Medium,11.263389260743732,7.2283582952639795,82.33521678592342,45.74566444748578,0.1583,0.5287,0.02256,5.981e-05
baseline_00364,7.5,Low,25,20,30,2,40,100,50,500,700,None,0,Clay,1.5,Dry,12,High,Medium,12.191645034991927,7.835222662031198,83.51205683527225,47.19576660099989,0.1585,0.53,0.02117,5.707e-05
baseline_00365,7.5,Low,25,20,30,2,40,20,10,2000,3000,None,0,Clay,1.5,Dry,12,Low,High,13.003868837459098,9.95448199519211,80.875063391361,19.059288382040087,0.1387,0.5526,0.01682,1.891e-05
baseline_00366,7.5,Low,25,20,30,2,40,100,50,2000,3000,None,0,Clay,1.5,Dry,12,High,High,13.393404742723966,10.256325528400936,81.3545167447994,19.329074829205506,0.1387,0.5529,0.01643,1.863e-05
baseline_00367,7.5,Low,25,20,30,2,40,20,10,100,150,None,0,Clay,1.5,Mesic,8,Low,Low,9.4151657102317,5.773154735162485,80.9622367283498,74.1912729704893,0.1628,0.5197,0.02731,0.0001193
baseline_00368,7.5,Low,25,20,30,2,40,100,50,100,150,None,0,Clay,1.5,Mesic,8,High,Low,10.815837369588351,6.659621532691561,83.14157015306985,76.3832878537083,0.1631,0.5224,0.02444,0.0001071
baseline_00369,7.5,Low,25,20,30,2,40,20,10,500,700,None,0,Clay,1.5,Mesic,8,Low,Medium,11.263389260743732,7.2283582952639795,82.33521678592342,45.74566444748578,0.1583,0.5287,0.02256,5.981e-05
baseline_00370,7.5,Low,25,20,30,2,40,100,50,500,700,None,0,Clay,1.5,Mesic,8,High,Medium,12.191645034991927,7.835222662031198,83.51205683527225,47.19576660099989,0.1585,0.53,0.02117,5.708e-05
baseline_00371,7.5,Low,25,20,30,2,40,20,10,2000,3000,None,0,Clay,1.5,Mesic,8,Low,High,13.003868837459098,9.951304694842541,80.875063391361,19.059288382040087,0.1387,0.5525,0.01683,1.892e-05
baseline_00372,7.5,Low,25,20,30,2,40,100,50,2000,3000,None,0,Clay,1.5,Mesic,8,High,High,13.393404742723966,10.253148228051367,81.3545167447994,19.329074829205506,0.1387,0.5528,0.01644,1.863e-05
baseline_00373,7.5,Low,25,20,30,2,40,20,10,100,150,None,0,Clay,1.5,Wet,3,Low,Low,9.299133738450674,4.8136100295933755,80.78789005437218,74.35988949996768,0.1831,0.4931,0.03102,0.0001362
baseline_00374,7.5,Low,25,20,30,2,40,100,50,100,150,None,0,Clay,1.5,Wet,3,High,Low,10.691517399822969,5.557098311391956,82.96722347909224,76.55190438318668,0.1835,0.4961,0.02776,0.0001222
baseline_00375,7.5,Low,25,20,30,2,40,20,10,500,700,None,0,Clay,1.5,Wet,3,Low,Medium,10.766109381682197,2.334998026896483,81.746796761249,46.1503441182339,0.3045,0.3435,0.04507,0.0001214
baseline_00376,7.5,Low,25,20,30,2,40,100,50,500,700,None,0,Clay,1.5,Wet,3,High,Medium,11.669501161977317,2.5313551884996977,82.98901681333943,47.611687373713245,0.3056,0.345,0.04238,0.000116
baseline_00377,7.5,Low,25,20,30,2,40,20,10,2000,3000,None,0,Clay,1.5,Wet,3,Low,High,12.415420980569618,0.31963641516639835,80.37381670367539,19.171699401692347,0.5299,0.071,0.06691,7.613e-05
baseline_00378,7.5,Low,25,20,30,2,40,100,50,2000,3000,None,0,Clay,1.5,Wet,3,High,High,12.804956885834484,0.3282151261102282,80.875063391361,19.447106399840376,0.531,0.07085,0.06543,7.504e-05
baseline_00379,7.5,Medium,100,80,120,8,10,20,10,100,150,None,0,Sand,0.1,Dry,12,Low,Low,33.25559880279844,11.589197501689926,94.58305002004987,78.30831556185618,0.01711,0.03105,0.0009496,3.749e-06
baseline_00380,7.5,Medium,100,80,120,8,10,100,50,100,150,None,0,Sand,0.1,Dry,12,High,Low,34.1258387714698,12.04990583280577,95.01891661000401,79.8399154894073,0.01697,0.03119,0.0009217,3.695e-06
baseline_00381,7.5,Medium,100,80,120,8,10,20,10,500,700,None,0,Sand,0.1,Dry,12,Low,Medium,31.59799886247204,12.35174922215753,92.78510033648901,47.423392252155864,0.01587,0.03228,0.0009088,2.215e-06
baseline_00382,7.5,Medium,100,80,120,8,10,100,50,500,700,None,0,Sand,0.1,Dry,12,High,Medium,31.970958849045484,12.574160140627248,93.16648360269888,48.730170171993045,0.0158,0.03234,0.0008981,2.241e-06
baseline_00383,7.5,Medium,100,80,120,8,10,20,10,2000,3000,None,0,Sand,0.1,Dry,12,Low,High,23.91087913920835,12.891890024155414,87.2822846383179,19.34874403887959,0.01261,0.03538,0.0008978,9.49e-07
baseline_00384,7.5,Medium,100,80,120,8,10,100,50,2000,3000,None,0,Sand,0.1,Dry,12,High,High,23.89015913995427,12.876003529979007,87.55470125703924,19.601668797557757,0.0126,0.03537,0.0009011,9.626e-07
baseline_00385,7.5,Medium,100,80,120,8,10,20,10,100,150,None,0,Sand,0.1,Mesic,8,Low,Low,33.25559880279844,11.589197501689926,94.58305002004987,78.30831556185618,0.01711,0.03105,0.0009496,3.749e-06
baseline_00386,7.5,Medium,100,80,120,8,10,100,50,100,150,None,0,Sand,0.1,Mesic,8,High,Low,34.1258387714698,12.04990583280577,95.01891661000401,79.8399154894073,0.01697,0.03119,0.0009217,3.695e-06
baseline_00387,7.5,Medium,100,80,120,8,10,20,10,500,700,None,0,Sand,0.1,Mesic,8,Low,Medium,31.59799886247204,12.35174922215753,92.78510033648901,47.423392252155864,0.01587,0.03228,0.0009088,2.215e-06
baseline_00388,7.5,Medium,100,80,120,8,10,100,50,500,700,None,0,Sand,0.1,Mesic,8,High,Medium,31.970958849045484,12.574160140627248,93.16648360269888,48.730170171993045,0.0158,0.03234,0.0008981,2.241e-06
baseline_00389,7.5,Medium,100,80,120,8,10,20,10,2000,3000,None,0,Sand,0.1,Mesic,8,Low,High,23.91087913920835,12.891890024155414,87.2822846383179,19.34874403887959,0.01262,0.03538,0.000898,9.492e-07
baseline_00390,7.5,Medium,100,80,120,8,10,100,50,2000,3000,None,0,Sand,0.1,Mesic,8,High,High,23.89015913995427,12.876003529979007,87.55470125703924,19.601668797557757,0.01261,0.03537,0.0009012,9.628e-07
baseline_00391,7.5,Medium,100,80,120,8,10,20,10,100,150,None,0,Sand,0.1,Wet,3,Low,Low,32.69615882293828,9.428634293698384,94.52856669630559,79.8399154894073,0.01918,0.02879,0.001082,4.358e-06
baseline_00392,7.5,Medium,100,80,120,8,10,100,50,100,150,None,0,Sand,0.1,Wet,3,High,Low,33.7114387863882,9.960831848608066,94.96443328625975,81.23100166213719,0.0189,0.02909,0.001039,4.239e-06
baseline_00393,7.5,Medium,100,80,120,8,10,20,10,500,700,None,0,Sand,0.1,Wet,3,Low,Medium,29.81607892662116,3.4155962479278053,92.51268371776767,49.64350957833087,0.02936,0.01751,0.001777,4.548e-06
baseline_00394,7.5,Medium,100,80,120,8,10,100,50,500,700,None,0,Sand,0.1,Wet,3,High,Medium,30.47911890275172,3.6459504134857266,92.94855030772182,50.9924416246144,0.02892,0.018,0.001719,4.499e-06
baseline_00395,7.5,Medium,100,80,120,8,10,20,10,2000,3000,None,0,Sand,0.1,Wet,3,Low,High,23.061359169791068,0.3452929509242365,87.06435134334083,19.81243942978956,0.04155,0.003236,0.003058,3.32e-06
baseline_00396,7.5,Medium,100,80,120,8,10,100,50,2000,3000,None,0,Sand,0.1,Wet,3,High,High,23.14423916680739,0.3543482526047893,87.33676796206218,20.079415563949844,0.04146,0.003304,0.003053,3.349e-06
baseline_00397,7.5,Medium,100,80,120,8,25,20,10,100,150,None,0,Loam,0.5,Dry,12,Low,Low,20.666127256019422,9.142677398523032,90.66025071046253,77.35282202907202,0.07218,0.1663,0.006176,2.514e-05
baseline_00398,7.5,Medium,100,80,120,8,25,100,50,100,150,None,0,Loam,0.5,Dry,12,High,Low,22.19111920111971,9.690761447609123,91.4230172428823,78.98278158499795,0.07288,0.1658,0.00586,2.415e-05
baseline_00399,7.5,Medium,100,80,120,8,25,20,10,500,700,None,0,Loam,0.5,Dry,12,Low,Medium,21.42447922871875,10.016434578225494,89.57058423557717,47.086159240584976,0.06949,0.1691,0.005666,1.421e-05
baseline_00400,7.5,Medium,100,80,120,8,25,100,50,500,700,None,0,Loam,0.5,Dry,12,High,Medium,22.29471919739011,10.326221214665457,90.11541747301986,48.406988535904276,0.06999,0.1687,0.005518,1.414e-05
baseline_00401,7.5,Medium,100,80,120,8,25,20,10,2000,3000,None,0,Loam,0.5,Dry,12,Low,High,18.981591316662712,10.993453970074611,85.04846836480291,19.292538536951113,0.05936,0.1789,0.005189,5.616e-06
baseline_00402,7.5,Medium,100,80,120,8,25,100,50,2000,3000,None,0,Loam,0.5,Dry,12,High,High,19.18050330950188,11.04905669969204,85.37536830726852,19.559514671111398,0.05959,0.1786,0.005173,5.655e-06
baseline_00403,7.5,Medium,100,80,120,8,25,20,10,100,150,None,0,Loam,0.5,Mesic,8,Low,Low,20.666127256019422,9.142677398523032,90.66025071046253,77.35282202907202,0.07218,0.1663,0.006176,2.514e-05
baseline_00404,7.5,Medium,100,80,120,8,25,100,50,100,150,None,0,Loam,0.5,Mesic,8,High,Low,22.19111920111971,9.690761447609123,91.4230172428823,78.98278158499795,0.07288,0.1658,0.00586,2.415e-05
baseline_00405,7.5,Medium,100,80,120,8,25,20,10,500,700,None,0,Loam,0.5,Mesic,8,Low,Medium,21.42447922871875,10.016434578225494,89.57058423557717,47.086159240584976,0.06949,0.1691,0.005666,1.421e-05
baseline_00406,7.5,Medium,100,80,120,8,25,100,50,500,700,None,0,Loam,0.5,Mesic,8,High,Medium,22.29471919739011,10.326221214665457,90.11541747301986,48.406988535904276,0.06999,0.1687,0.005518,1.414e-05
baseline_00407,7.5,Medium,100,80,120,8,25,20,10,2000,3000,None,0,Loam,0.5,Mesic,8,Low,High,18.979519316737306,10.985510722986406,85.04846836480291,19.292538536951113,0.05937,0.1789,0.00519,5.617e-06
baseline_00408,7.5,Medium,100,80,120,8,25,100,50,2000,3000,None,0,Loam,0.5,Mesic,8,High,High,19.17843130957647,11.041113452603835,85.37536830726852,19.559514671111398,0.0596,0.1786,0.005174,5.656e-06
baseline_00409,7.5,Medium,100,80,120,8,25,20,10,100,150,None,0,Loam,0.5,Wet,3,Low,Low,19.895343283767644,7.456326041697281,90.33335076799693,78.54718894505223,0.08036,0.1567,0.007117,2.952e-05
baseline_00410,7.5,Medium,100,80,120,8,25,100,50,100,150,None,0,Loam,0.5,Wet,3,High,Low,21.50735922573507,8.030622806174446,91.20508394790522,80.09284024808547,0.08067,0.1568,0.006671,2.795e-05
baseline_00411,7.5,Medium,100,80,120,8,25,20,10,500,700,None,0,Loam,0.5,Wet,3,Low,Medium,18.86348732091446,3.0239941664793384,88.53540108443607,49.02524905711757,0.1256,0.1048,0.01149,3.037e-05
baseline_00412,7.5,Medium,100,80,120,8,25,100,50,500,700,None,0,Loam,0.5,Wet,3,High,Medium,19.926423282648763,3.2392561625696725,89.24368429311156,50.38823247888323,0.1251,0.1058,0.01092,2.943e-05
baseline_00413,7.5,Medium,100,80,120,8,25,20,10,2000,3000,None,0,Loam,0.5,Wet,3,Low,High,17.27219137820111,0.3418773546763087,84.23121850863889,19.75623392786108,0.1982,0.02041,0.01885,2.11e-05
baseline_00414,7.5,Medium,100,80,120,8,25,100,50,2000,3000,None,0,Loam,0.5,Wet,3,High,High,17.58299136701231,0.3507737914150974,84.61260177484876,20.03726143750349,0.1982,0.02058,0.0186,2.101e-05
baseline_00415,7.5,Medium,100,80,120,8,40,20,10,100,150,None,0,Clay,1.5,Dry,12,Low,Low,13.687631507245266,7.046454491945944,86.2471014871768,76.31302024339512,0.1923,0.5153,0.02363,9.975e-05
baseline_00416,7.5,Medium,100,80,120,8,40,100,50,100,150,None,0,Clay,1.5,Dry,12,High,Low,15.057223457939955,7.634254776473055,87.50021793329498,78.0413394276959,0.1948,0.5141,0.02207,9.394e-05
baseline_00417,7.5,Medium,100,80,120,8,40,20,10,500,700,None,0,Clay,1.5,Dry,12,Low,Medium,15.05515145801455,7.982963323645221,86.02916819219973,46.76297760449621,0.1887,0.5207,0.02103,5.452e-05
baseline_00418,7.5,Medium,100,80,120,8,40,100,50,500,700,None,0,Clay,1.5,Dry,12,High,Medium,15.925391426685911,8.340409442614408,86.7919347246195,48.08380689981552,0.1905,0.5195,0.02026,5.353e-05
baseline_00419,7.5,Medium,100,80,120,8,40,20,10,2000,3000,None,0,Clay,1.5,Dry,12,Low,High,15.123527455553013,9.285655846110707,82.76016876754363,19.26443578598687,0.1693,0.5409,0.01806,2.005e-05
baseline_00420,7.5,Medium,100,80,120,8,40,100,50,2000,3000,None,0,Clay,1.5,Dry,12,High,High,15.409463445259314,9.396861305345567,83.14155203375351,19.517360544665035,0.1702,0.54,0.0179,2.006e-05
baseline_00421,7.5,Medium,100,80,120,8,40,20,10,100,150,None,0,Clay,1.5,Mesic,8,Low,Low,13.687631507245266,7.046454491945944,86.2471014871768,76.31302024339512,0.1923,0.5153,0.02363,9.975e-05
baseline_00422,7.5,Medium,100,80,120,8,40,100,50,100,150,None,0,Clay,1.5,Mesic,8,High,Low,15.057223457939955,7.634254776473055,87.50021793329498,78.0413394276959,0.1948,0.5141,0.02207,9.394e-05
baseline_00423,7.5,Medium,100,80,120,8,40,20,10,500,700,None,0,Clay,1.5,Mesic,8,Low,Medium,15.05515145801455,7.982963323645221,86.02916819219973,46.76297760449621,0.1887,0.5207,0.02103,5.452e-05
baseline_00424,7.5,Medium,100,80,120,8,40,100,50,500,700,None,0,Clay,1.5,Mesic,8,High,Medium,15.925391426685911,8.340409442614408,86.7919347246195,48.08380689981552,0.1905,0.5195,0.02026,5.353e-05
baseline_00425,7.5,Medium,100,80,120,8,40,20,10,2000,3000,None,0,Clay,1.5,Mesic,8,Low,High,15.123527455553013,9.285655846110707,82.76016876754363,19.26443578598687,0.1693,0.5409,0.01807,2.006e-05
baseline_00426,7.5,Medium,100,80,120,8,40,100,50,2000,3000,None,0,Clay,1.5,Mesic,8,High,High,15.409463445259314,9.388918058257364,83.14155203375351,19.517360544665035,0.1702,0.54,0.01791,2.006e-05
baseline_00427,7.5,Medium,100,80,120,8,40,20,10,100,150,None,0,Clay,1.5,Wet,3,Low,Low,13.182063525445715,5.8509958051712125,85.81123489722266,77.2123082742508,0.2124,0.4906,0.02696,0.0001157
baseline_00428,7.5,Medium,100,80,120,8,40,100,50,100,150,None,0,Clay,1.5,Wet,3,High,Low,14.5765194752453,6.4165549978513505,87.1188346670851,78.88442195662311,0.2141,0.4906,0.02496,0.0001078
baseline_00429,7.5,Medium,100,80,120,8,40,20,10,500,700,None,0,Clay,1.5,Wet,3,Low,Medium,13.161343526191635,2.6935550876100436,84.55811845110448,48.477245413314876,0.3298,0.3513,0.04134,0.000113
baseline_00430,7.5,Medium,100,80,120,8,40,100,50,500,700,None,0,Clay,1.5,Wet,3,High,Medium,14.07509549329656,2.8921362648151487,85.53881827850131,49.84022883508054,0.3302,0.3531,0.03914,0.0001088
baseline_00431,7.5,Medium,100,80,120,8,40,20,10,2000,3000,None,0,Clay,1.5,Wet,3,Low,High,13.376831518434068,0.33846175842838094,81.50705232142545,19.71407980141472,0.5662,0.07457,0.0673,7.765e-05
baseline_00432,7.5,Medium,100,80,120,8,40,100,50,2000,3000,None,0,Clay,1.5,Wet,3,High,High,13.720783506051795,0.3473581951671696,81.9429189113796,19.995107311057122,0.5671,0.07472,0.06608,7.687e-05
baseline_00433,7.5,High,300,250,400,25,10,20,10,100,150,None,0,Sand,0.1,Dry,12,Low,Low,21.85270009310189,7.93054066460981,95.96149379568325,81.11576442615093,0.01612,0.03172,0.001534,5.801e-06
baseline_00434,7.5,High,300,250,400,25,10,100,50,100,150,None,0,Sand,0.1,Dry,12,High,Low,21.31397992645779,8.052548982526883,96.14128879342682,81.97008788740197,0.01569,0.03214,0.001534,5.847e-06
baseline_00435,7.5,High,300,250,400,25,10,20,10,500,700,None,0,Sand,0.1,Dry,12,Low,Medium,20.18128624274454,8.141513381008082,94.03278381988856,49.955440286836854,0.01501,0.03282,0.001516,3.6e-06
baseline_00436,7.5,High,300,250,400,25,10,100,50,500,700,None,0,Sand,0.1,Dry,12,High,Medium,19.677099420116086,8.194892020096804,94.24526881722187,50.899692533482735,0.01468,0.03313,0.001524,3.679e-06
baseline_00437,7.5,High,300,250,400,25,10,20,10,2000,3000,None,0,Sand,0.1,Dry,12,Low,High,14.84933792672853,8.111011301528814,88.18127389332501,19.928218843497834,0.01204,0.03566,0.00155,1.566e-06
baseline_00438,7.5,High,300,250,400,25,10,100,50,2000,3000,None,0,Sand,0.1,Dry,12,High,High,14.490191148965796,8.067800022266518,88.37741389086345,20.148544367715207,0.01186,0.03581,0.001568,1.598e-06
baseline_00439,7.5,High,300,250,400,25,10,20,10,100,150,None,0,Sand,0.1,Mesic,8,Low,Low,21.85270009310189,7.93054066460981,95.96149379568325,81.11576442615093,0.01612,0.03172,0.001534,5.801e-06
baseline_00440,7.5,High,300,250,400,25,10,100,50,100,150,None,0,Sand,0.1,Mesic,8,High,Low,21.31397992645779,8.052548982526883,96.14128879342682,81.97008788740197,0.01569,0.03214,0.001534,5.847e-06
baseline_00441,7.5,High,300,250,400,25,10,20,10,500,700,None,0,Sand,0.1,Mesic,8,Low,Medium,20.18128624274454,8.141513381008082,94.03278381988856,49.955440286836854,0.01501,0.03282,0.001516,3.6e-06
baseline_00442,7.5,High,300,250,400,25,10,100,50,500,700,None,0,Sand,0.1,Mesic,8,High,Medium,19.677099420116086,8.192350180140197,94.24526881722187,50.899692533482735,0.01468,0.03313,0.001524,3.679e-06
baseline_00443,7.5,High,300,250,400,25,10,20,10,2000,3000,None,0,Sand,0.1,Mesic,8,Low,High,14.84933792672853,8.10846946157221,88.18127389332501,19.928218843497834,0.01204,0.03566,0.00155,1.566e-06
baseline_00444,7.5,High,300,250,400,25,10,100,50,2000,3000,None,0,Sand,0.1,Mesic,8,High,High,14.490191148965796,8.067800022266518,88.37741389086345,20.148544367715207,0.01186,0.03581,0.001568,1.599e-06
baseline_00445,7.5,High,300,250,400,25,10,20,10,100,150,None,0,Sand,0.1,Wet,3,Low,Low,21.901046774723802,7.218825476760212,96.02687379486274,83.6337704172066,0.01712,0.0306,0.001627,6.337e-06
baseline_00446,7.5,High,300,250,400,25,10,100,50,100,150,None,0,Sand,0.1,Wet,3,High,Low,21.362326608079695,7.368794034199948,96.19032379281143,84.26327191497055,0.01663,0.03109,0.001622,6.357e-06
baseline_00447,7.5,High,300,250,400,25,10,20,10,500,700,None,0,Sand,0.1,Wet,3,Low,Medium,20.3815796380353,4.194035928399418,94.35968381578597,56.20549087177864,0.0222,0.02476,0.002227,5.931e-06
baseline_00448,7.5,High,300,250,400,25,10,100,50,500,700,None,0,Sand,0.1,Wet,3,High,Medium,19.8912061530131,4.331295286056126,94.57216881311929,57.05981433302967,0.02154,0.02542,0.002219,5.989e-06
baseline_00449,7.5,High,300,250,400,25,10,20,10,2000,3000,None,0,Sand,0.1,Wet,3,Low,High,15.03581798441303,0.40974460100484017,88.39375889065832,21.537944102065573,0.03807,0.005625,0.004849,5.285e-06
baseline_00450,7.5,High,300,250,400,25,10,100,50,2000,3000,None,0,Sand,0.1,Wet,3,High,High,14.690484544256552,0.4194035928399419,88.60624388799164,21.789744701171145,0.03774,0.005841,0.004933,5.425e-06
baseline_00451,7.5,High,300,250,400,25,25,20,10,100,150,None,0,Loam,0.5,Dry,12,Low,Low,20.036246197878825,7.371335874156554,93.93471382111935,80.57619171378185,0.07959,0.1588,0.008087,3.102e-05
baseline_00452,7.5,High,300,250,400,25,25,100,50,100,150,None,0,Loam,0.5,Dry,12,High,Low,19.704726095328603,7.506053391856657,94.17988881804239,81.43051517503291,0.07773,0.1605,0.008052,3.114e-05
baseline_00453,7.5,High,300,250,400,25,25,20,10,500,700,None,0,Loam,0.5,Dry,12,Low,Medium,18.69635245007169,7.595017790337856,92.16945384327335,49.6406895379549,0.0744,0.1639,0.007948,1.915e-05
baseline_00454,7.5,High,300,250,400,25,25,100,50,500,700,None,0,Loam,0.5,Dry,12,High,Medium,18.344112341112083,7.661105629209605,92.41462884019641,50.6299061772982,0.07296,0.1652,0.007966,1.951e-05
baseline_00455,7.5,High,300,250,400,25,25,20,10,2000,3000,None,0,Loam,0.5,Dry,12,Low,High,14.103417695990538,7.635687229643547,86.6448439126072,19.88325445080041,0.06035,0.1772,0.008036,8.247e-06
baseline_00456,7.5,High,300,250,400,25,25,100,50,2000,3000,None,0,Loam,0.5,Dry,12,High,High,13.806430937455968,7.607726990120884,86.85732890994052,20.103579975017784,0.05953,0.1778,0.008116,8.401e-06
baseline_00457,7.5,High,300,250,400,25,25,20,10,100,150,None,0,Loam,0.5,Mesic,8,Low,Low,20.036246197878825,7.371335874156554,93.93471382111935,80.57619171378185,0.07959,0.1588,0.008087,3.102e-05
baseline_00458,7.5,High,300,250,400,25,25,100,50,100,150,None,0,Loam,0.5,Mesic,8,High,Low,19.704726095328603,7.506053391856657,94.17988881804239,81.43051517503291,0.07773,0.1605,0.008052,3.114e-05
baseline_00459,7.5,High,300,250,400,25,25,20,10,500,700,None,0,Loam,0.5,Mesic,8,Low,Medium,18.69635245007169,7.595017790337856,92.16945384327335,49.6406895379549,0.0744,0.1639,0.007948,1.915e-05
baseline_00460,7.5,High,300,250,400,25,25,100,50,500,700,None,0,Loam,0.5,Mesic,8,High,Medium,18.344112341112083,7.661105629209605,92.41462884019641,50.6299061772982,0.07296,0.1652,0.007967,1.952e-05
baseline_00461,7.5,High,300,250,400,25,25,20,10,2000,3000,None,0,Loam,0.5,Mesic,8,Low,High,14.103417695990538,7.63314538968694,86.6448439126072,19.88325445080041,0.06035,0.1771,0.008037,8.248e-06
baseline_00462,7.5,High,300,250,400,25,25,100,50,2000,3000,None,0,Loam,0.5,Mesic,8,High,High,13.806430937455968,7.605185150164279,86.85732890994052,20.103579975017784,0.05953,0.1778,0.008117,8.402e-06
baseline_00463,7.5,High,300,250,400,25,25,20,10,100,150,None,0,Loam,0.5,Wet,3,Low,Low,19.980992847453784,6.687580925829619,93.9020238215296,82.91434013404786,0.08446,0.1533,0.008602,3.396e-05
baseline_00464,7.5,High,300,250,400,25,25,100,50,100,150,None,0,Loam,0.5,Wet,3,High,Low,19.670192751312957,6.850258683052384,94.16354381824752,83.58880602450918,0.0823,0.1554,0.008538,3.391e-05
baseline_00465,7.5,High,300,250,400,25,25,20,10,500,700,None,0,Loam,0.5,Wet,3,Low,Medium,18.447712373159025,3.868680413953888,92.02234884511952,55.486060588619864,0.1093,0.1243,0.01182,3.186e-05
baseline_00466,7.5,High,300,250,400,25,25,100,50,500,700,None,0,Loam,0.5,Wet,3,High,Medium,18.171445621033843,4.008481611567202,92.31655884142718,56.43031283526575,0.1064,0.1272,0.01171,3.201e-05
baseline_00467,7.5,High,300,250,400,25,25,20,10,2000,3000,None,0,Loam,0.5,Wet,3,Low,High,13.840964281471615,0.40516928908294986,86.17083891855597,21.4660010737497,0.1871,0.02968,0.02524,2.812e-05
baseline_00468,7.5,High,300,250,400,25,25,100,50,2000,3000,None,0,Loam,0.5,Wet,3,High,High,13.60613754216521,0.41457409692239106,86.4323589152739,21.717801672855266,0.1857,0.03067,0.02556,2.872e-05
baseline_00469,7.5,High,300,250,400,25,40,20,10,100,150,None,0,Clay,1.5,Dry,12,Low,Low,17.936618881727444,6.801963723876875,91.77717384819647,79.94669021601794,0.2333,0.4796,0.02586,0.0001008
baseline_00470,7.5,High,300,250,400,25,40,100,50,100,150,None,0,Clay,1.5,Dry,12,High,Low,17.853738856089883,6.951932281316611,92.10407384409388,80.89094246266382,0.2291,0.4837,0.02561,0.0001006
baseline_00471,7.5,High,300,250,400,25,40,20,10,500,700,None,0,Clay,1.5,Dry,12,Low,Medium,17.024938599714336,7.043438519754417,90.20805386788892,49.37090318177036,0.2197,0.493,0.02524,6.176e-05
baseline_00472,7.5,High,300,250,400,25,40,100,50,500,700,None,0,Clay,1.5,Dry,12,High,Medium,16.84536521083297,7.124777398365801,90.51860886399146,50.360119821113656,0.2164,0.4962,0.0252,6.268e-05
baseline_00473,7.5,High,300,250,400,25,40,20,10,2000,3000,None,0,Clay,1.5,Dry,12,Low,High,13.281524108418125,7.162904997714886,85.09206893209452,19.833793618833248,0.1812,0.5296,0.02515,2.622e-05
baseline_00474,7.5,High,300,250,400,25,40,100,50,2000,3000,None,0,Clay,1.5,Dry,12,High,High,13.053604037914848,7.147653957975251,85.32089892922271,20.05861558232036,0.179,0.5314,0.02535,2.665e-05
baseline_00475,7.5,High,300,250,400,25,40,20,10,100,150,None,0,Clay,1.5,Mesic,8,Low,Low,17.936618881727444,6.801963723876875,91.77717384819647,79.94669021601794,0.2333,0.4796,0.02586,0.0001008
baseline_00476,7.5,High,300,250,400,25,40,100,50,100,150,None,0,Clay,1.5,Mesic,8,High,Low,17.853738856089883,6.951932281316611,92.10407384409388,80.89094246266382,0.2291,0.4837,0.02561,0.0001006
baseline_00477,7.5,High,300,250,400,25,40,20,10,500,700,None,0,Clay,1.5,Mesic,8,Low,Medium,17.024938599714336,7.043438519754417,90.20805386788892,49.37090318177036,0.2197,0.493,0.02524,6.176e-05
baseline_00478,7.5,High,300,250,400,25,40,100,50,500,700,None,0,Clay,1.5,Mesic,8,High,Medium,16.84536521083297,7.124777398365801,90.51860886399146,50.360119821113656,0.2164,0.4962,0.0252,6.268e-05
baseline_00479,7.5,High,300,250,400,25,40,20,10,2000,3000,None,0,Clay,1.5,Mesic,8,Low,High,13.281524108418125,7.1603631577582805,85.09206893209452,19.833793618833248,0.1812,0.5296,0.02515,2.622e-05
baseline_00480,7.5,High,300,250,400,25,40,100,50,2000,3000,None,0,Clay,1.5,Mesic,8,High,High,13.053604037914848,7.147653957975251,85.32089892922271,20.05861558232036,0.179,0.5313,0.02535,2.666e-05
baseline_00481,7.5,High,300,250,400,25,40,20,10,100,150,None,0,Clay,1.5,Wet,3,Low,Low,17.78467216805859,6.15379453494242,91.6464138498375,82.14994545819165,0.2471,0.4637,0.0276,0.0001106
baseline_00482,7.5,High,300,250,400,25,40,100,50,100,150,None,0,Clay,1.5,Wet,3,High,Low,17.736325486436684,6.329181491948213,92.00600384532466,82.91434013404786,0.2422,0.4686,0.02723,0.0001097
baseline_00483,7.5,High,300,250,400,25,40,20,10,500,700,None,0,Clay,1.5,Wet,3,Low,Medium,16.285925037779478,3.5636596191612027,89.60328887547871,54.766630305461106,0.3189,0.3784,0.03803,0.000104
baseline_00484,7.5,High,300,250,400,25,40,100,50,500,700,None,0,Clay,1.5,Wet,3,High,Medium,16.258298362566958,3.7034608167745167,90.01191387035047,55.75584694480441,0.3122,0.3855,0.03745,0.0001037
baseline_00485,7.5,High,300,250,400,25,40,20,10,2000,3000,None,0,Clay,1.5,Wet,3,Low,High,12.57704389049891,0.4003397931653991,83.98060894604336,21.394058045433823,0.5503,0.09498,0.07963,9.072e-05
baseline_00486,7.5,High,300,250,400,25,40,100,50,2000,3000,None,0,Clay,1.5,Wet,3,High,High,12.452723852042578,0.40999878500050074,84.2911639421459,21.64585864453939,0.5468,0.09755,0.08019,9.21e-05
